time,ax (m/s^2),ay (m/s^2),az (m/s^2),aT (m/s^2)
0.003196,0.2178,0.1937,-0.4836,0.565
0.003741,0.1771,0.1072,0.0518,0.213
0.004770,0.1030,0.0428,0.5310,0.543
0.010222,0.0432,0.0368,0.8478,0.850
0.015364,-0.0309,-0.0209,1.0283,1.029
0.019144,-0.0857,-0.0704,1.0055,1.012
0.035396,-0.1453,-0.0831,0.8683,0.884
0.035915,-0.1498,-0.0664,0.6388,0.660
0.036095,-0.1352,-0.0733,0.3417,0.375
0.040086,-0.1278,-0.0586,0.0682,0.156
0.045370,-0.0605,-0.0441,-0.0616,0.097
0.049927,-0.0483,-0.0347,-0.1192,0.133
0.054927,-0.0193,-0.0232,-0.2052,0.207
0.059763,0.0407,-0.0549,-0.2141,0.225
0.065746,0.0744,-0.0438,-0.2081,0.225
0.070023,0.0769,-0.0327,-0.1778,0.196
0.074918,0.0722,-0.0024,-0.1614,0.177
0.079646,0.0698,0.0278,-0.1470,0.165
0.085075,0.0507,0.0628,-0.1586,0.178
0.092127,-0.0115,0.0835,-0.1628,0.183
0.095742,-0.0448,0.0921,-0.1525,0.184
0.099877,-0.0662,0.0960,-0.1089,0.160
0.105045,-0.0875,0.0733,-0.1085,0.158
0.110287,-0.0873,0.0626,-0.0867,0.138
0.115327,-0.0774,0.0614,-0.0437,0.108
0.120334,-0.0532,0.0339,-0.0129,0.064
0.127798,-0.0434,0.0233,0.0273,0.056
0.131183,-0.0001,-0.0112,0.0266,0.029
0.135668,0.0168,-0.0408,-0.0102,0.045
0.144866,0.0241,-0.0391,-0.0638,0.079
0.145749,0.0577,-0.0325,-0.0574,0.088
0.151371,0.0626,-0.0378,-0.0436,0.085
0.155493,0.0746,-0.0504,-0.0632,0.110
0.160717,0.0913,-0.0508,-0.1090,0.151
0.165898,0.0482,-0.0176,-0.1139,0.125
0.171275,0.0171,-0.0539,-0.0949,0.110
0.175560,0.0196,-0.0663,-0.0566,0.089
0.181022,0.0603,-0.0573,-0.0473,0.096
0.186188,0.0316,-0.0482,-0.0787,0.098
0.195009,0.0102,-0.0749,-0.0717,0.104
0.195893,-0.0185,-0.0825,-0.0576,0.102
0.200907,-0.0184,-0.0565,-0.0579,0.083
0.206292,0.0009,-0.0449,-0.0582,0.074
0.211718,-0.0301,-0.0526,-0.0825,0.102
0.215977,-0.0372,-0.0649,-0.0828,0.112
0.222138,-0.0610,-0.0462,-0.0711,0.104
0.226218,-0.0680,-0.0515,-0.0763,0.114
0.232230,-0.0103,-0.0497,-0.0552,0.075
0.237294,0.0209,-0.0385,-0.0294,0.053
0.242434,0.0019,-0.0559,-0.0251,0.061
0.246476,-0.0051,-0.0254,-0.0351,0.044
0.251962,0.0285,-0.0476,-0.0188,0.059
0.256416,0.0309,-0.0266,-0.0193,0.045
0.262055,0.0358,-0.0438,-0.0198,0.060
0.266532,0.0191,-0.0275,-0.0467,0.057
0.271716,0.0216,-0.0160,-0.0519,0.058
0.278094,0.0719,-0.0094,-0.0619,0.095
0.281744,0.0671,-0.0216,-0.0478,0.085
0.287250,0.0862,-0.0219,-0.0646,0.110
0.294170,0.0670,0.0065,-0.0859,0.109
0.296750,0.0334,-0.0010,-0.0688,0.077
0.301948,0.0166,-0.0179,-0.0493,0.055
0.306947,0.0238,-0.0250,-0.0129,0.037
0.312062,0.0213,-0.0107,-0.0412,0.048
0.317246,0.0380,-0.0059,-0.0670,0.077
0.322228,0.0475,-0.0298,-0.0712,0.091
0.327099,0.0522,-0.0199,-0.0442,0.071
0.332263,-0.0197,0.0114,-0.0483,0.053
0.337626,-0.0006,-0.0195,-0.0645,0.067
0.342486,0.0281,-0.0289,-0.0757,0.086
0.347093,-0.0127,-0.0118,-0.0631,0.065
0.352953,-0.0200,-0.0187,-0.0625,0.068
0.357164,-0.0056,-0.0302,-0.0334,0.045
0.362537,-0.0296,-0.0228,-0.0281,0.047
0.367336,0.0134,-0.0296,-0.0540,0.063
0.372624,0.0372,-0.0244,-0.0703,0.083
0.377478,0.0347,-0.0049,-0.0674,0.076
0.382707,0.0346,-0.0307,-0.0644,0.079
0.387703,0.0249,-0.0351,-0.0733,0.085
0.395086,0.0487,-0.0178,-0.0940,0.107
0.397538,0.0222,-0.0269,-0.1147,0.120
0.403034,0.0555,-0.0407,-0.0992,0.121
0.412320,0.0458,-0.0329,-0.0741,0.093
0.413600,0.0312,-0.0514,-0.0946,0.112
0.418155,0.0550,-0.0388,-0.1128,0.131
0.423319,0.0428,-0.0621,-0.1142,0.137
0.428511,0.0447,-0.0775,-0.1122,0.144
0.433745,0.0394,-0.0621,-0.1103,0.133
0.438070,0.0865,-0.0515,-0.1442,0.176
0.442988,0.0761,-0.0789,-0.1373,0.176
0.447954,0.1062,-0.0941,-0.2087,0.252
0.453573,0.1170,-0.0855,-0.2032,0.250
0.458966,0.1229,-0.0602,-0.1904,0.235
0.463203,0.0860,-0.0303,-0.1843,0.206
0.468389,0.0803,-0.0031,-0.1163,0.141
0.473438,0.0556,-0.0116,-0.0843,0.102
0.478346,0.0216,-0.0130,-0.0477,0.054
0.483558,0.0140,-0.0047,-0.0235,0.028
0.488312,-0.0458,0.0155,0.0145,0.051
0.493991,-0.0433,-0.0047,0.0187,0.047
0.498650,-0.0409,0.0131,0.0270,0.051
0.503521,-0.0384,0.0190,0.0040,0.043
0.508807,-0.0478,0.0154,-0.0548,0.074
0.514693,-0.0452,0.0403,-0.0681,0.091
0.518676,-0.0308,0.0698,-0.0958,0.122
0.523698,-0.0284,0.0348,-0.1397,0.147
0.528917,0.0025,0.0262,-0.1024,0.106
0.534422,0.0474,0.0199,-0.1126,0.124
0.539176,0.0492,0.0089,-0.0749,0.090
0.545533,0.0652,0.0264,-0.0490,0.086
0.549170,0.0953,0.0058,-0.0324,0.101
0.555321,0.0633,0.0068,-0.0229,0.068
0.561629,0.0672,-0.0040,0.0058,0.068
0.564252,0.0758,0.0020,0.0154,0.077
0.569379,0.0558,-0.0322,0.0346,0.073
0.574459,0.0169,-0.0375,0.0750,0.086
0.579297,0.0306,-0.0332,0.0938,0.104
0.584618,0.0300,-0.0383,0.0602,0.077
0.589686,0.0720,-0.0858,0.0555,0.125
0.594738,0.0708,-0.0779,0.0367,0.112
0.599361,0.0530,-0.0533,0.0513,0.091
0.604821,0.0425,-0.0549,0.0444,0.082
0.609664,0.0249,-0.0254,-0.0051,0.036
0.614789,0.0216,0.0087,-0.0232,0.033
0.619575,0.0256,0.0115,-0.0695,0.075
0.624590,0.0128,0.0618,-0.1080,0.125
0.630095,0.0025,0.0880,-0.1268,0.154
0.635473,0.0350,0.0571,-0.0951,0.116
0.640127,0.0434,0.0453,-0.0443,0.077
0.645530,0.0541,0.0288,-0.0433,0.075
0.650048,0.0742,0.0032,-0.0300,0.080
0.655502,0.0893,-0.0055,0.0549,0.105
0.659966,0.0828,-0.0068,0.0586,0.102
0.665676,0.1120,0.0017,0.0959,0.147
0.670225,0.0743,0.0151,0.0853,0.114
0.678614,0.1082,0.0047,0.0633,0.125
0.680366,0.1204,-0.0077,-0.0058,0.121
0.685246,0.1324,-0.0104,-0.0976,0.165
0.690506,0.1300,-0.0155,-0.1381,0.190
0.695963,0.1489,-0.0132,-0.1514,0.213
0.700301,0.1296,-0.0083,-0.1331,0.186
0.705568,0.0913,-0.0294,-0.1360,0.166
0.710473,0.0652,-0.0337,-0.1006,0.124
0.715892,0.0559,-0.0046,-0.0746,0.093
0.720493,0.0276,-0.0255,-0.0297,0.048
0.726355,0.0161,-0.0557,0.0314,0.066
0.730723,-0.0000,-0.0404,0.0778,0.088
0.736144,0.0149,-0.0157,0.0809,0.084
0.741514,0.0059,-0.0389,0.1146,0.121
0.745781,-0.0292,-0.0474,0.0936,0.109
0.751121,-0.0118,-0.0914,0.1366,0.165
0.756891,-0.0063,-0.0686,0.1529,0.168
0.760780,-0.0104,-0.0745,0.1309,0.151
0.766614,-0.0097,-0.0898,0.1396,0.166
0.771856,-0.0233,-0.0812,0.1362,0.160
0.776369,-0.0344,-0.0538,0.1443,0.158
0.781725,-0.0501,-0.0455,0.1190,0.137
0.786244,-0.0490,-0.0184,0.0653,0.084
0.791572,-0.0836,0.0204,0.0831,0.120
0.796565,-0.0822,0.0351,0.0435,0.099
0.801541,-0.0832,0.0353,0.0563,0.107
0.806467,-0.1246,0.0521,0.0615,0.148
0.811627,-0.2011,0.0711,0.0852,0.230
0.817082,-0.2248,0.0803,0.0868,0.254
0.821744,-0.2529,0.1037,0.0832,0.286
0.829248,-0.2499,0.0887,0.1146,0.289
0.831796,-0.2824,0.1189,0.1118,0.326
0.837350,-0.3051,0.1085,0.0799,0.334
0.841932,-0.2942,0.0695,0.0853,0.314
0.847177,-0.2359,0.0760,0.0616,0.255
0.851732,-0.2184,0.0610,0.0470,0.232
0.857204,-0.2080,0.0365,-0.0059,0.211
0.862074,-0.1764,-0.0068,-0.0659,0.188
0.866769,-0.1189,-0.0355,-0.0541,0.135
0.873059,-0.1046,-0.0332,-0.0570,0.124
0.877679,-0.1259,-0.0501,-0.0078,0.136
0.882459,-0.1162,-0.0742,-0.0235,0.140
0.887132,-0.0542,-0.0698,-0.0132,0.089
0.892190,-0.0307,-0.0346,0.0421,0.063
0.897169,-0.0121,-0.0713,0.0397,0.082
0.902361,0.0111,-0.0577,0.0514,0.078
0.907676,0.0223,-0.0324,0.0440,0.059
0.912343,0.0309,-0.0216,-0.0082,0.039
0.918323,0.0466,-0.0276,-0.0124,0.056
0.922443,0.0788,0.0165,-0.0162,0.082
0.927367,0.0822,0.0005,-0.0387,0.091
0.932707,0.0404,0.0228,-0.0417,0.062
0.937921,0.0607,0.0710,-0.0636,0.113
0.943415,0.0760,0.0619,-0.0471,0.109
0.947625,0.0841,0.0790,-0.0306,0.119
0.952710,0.0374,0.1080,-0.0378,0.120
0.958234,0.0243,0.1297,-0.0306,0.135
0.962774,0.0161,0.1491,0.0077,0.150
0.967877,-0.0136,0.1732,0.0220,0.175
0.972940,-0.0477,0.1591,0.0244,0.168
0.979884,-0.0412,0.2285,0.0526,0.238
0.983433,-0.0609,0.2474,0.0805,0.267
0.988227,-0.1041,0.2543,0.0417,0.278
0.997035,-0.1067,0.2779,0.0434,0.301
0.999149,-0.1163,0.3108,0.0474,0.335
1.003101,-0.0949,0.2958,0.0396,0.313
1.008308,-0.0975,0.3071,-0.0039,0.322
1.013247,-0.0811,0.2897,0.0125,0.301
1.018313,-0.0743,0.2393,0.0075,0.251
1.023388,-0.1056,0.2605,-0.0355,0.283
1.028286,-0.0867,0.2340,-0.0306,0.251
1.033795,-0.0989,0.2125,-0.0233,0.236
1.039087,-0.1134,0.1722,-0.0421,0.210
1.043641,-0.1277,0.1442,-0.0560,0.201
1.048364,-0.1752,0.1330,-0.0984,0.241
1.053718,-0.1605,0.0956,-0.1169,0.220
1.058757,-0.1506,0.0561,-0.0546,0.170
1.063666,-0.1622,0.0715,-0.0524,0.185
1.068988,-0.1950,0.0558,-0.0292,0.205
1.074066,-0.2251,0.0307,-0.0374,0.230
1.078715,-0.1694,0.0176,-0.0031,0.170
1.084337,-0.1687,-0.0170,0.0448,0.175
1.089287,-0.1442,-0.0704,0.0588,0.171
1.097016,-0.0866,-0.0950,0.0795,0.151
1.100096,-0.0817,-0.0909,0.0830,0.148
1.104430,-0.0103,-0.1035,0.0909,0.138
1.109687,0.0392,-0.1208,0.0556,0.139
1.114488,0.0717,-0.1357,0.0467,0.160
1.119186,0.0944,-0.1007,0.0283,0.141
1.124172,0.1169,-0.0874,-0.0042,0.146
1.128977,0.1678,-0.0956,-0.0482,0.199
1.134945,0.1374,-0.0540,-0.0701,0.163
1.140147,0.1453,-0.0389,-0.0819,0.171
1.144594,0.1460,-0.0240,-0.1076,0.183
1.149535,0.1324,-0.0118,-0.1114,0.173
1.154401,0.1117,0.0051,-0.1243,0.167
1.160721,0.0628,0.0097,-0.1298,0.144
1.165077,0.0237,0.0048,-0.1447,0.147
1.169836,0.0349,0.0069,-0.0929,0.100
1.174918,-0.0134,0.0280,-0.1272,0.131
1.179939,-0.0541,0.0415,-0.1373,0.153
1.184645,-0.0588,0.0169,-0.1572,0.169
1.189727,-0.0658,0.0256,-0.1461,0.162
1.194859,-0.0941,0.0342,-0.1519,0.182
1.200910,-0.1031,0.0142,-0.1625,0.193
1.205216,-0.1049,0.0417,-0.1518,0.189
1.211117,-0.1019,0.0474,-0.1676,0.202
1.214829,-0.1108,0.0269,-0.1691,0.204
1.220477,-0.1456,0.0539,-0.1541,0.219
1.225455,-0.1303,0.0403,-0.1204,0.182
1.229944,-0.0936,0.0314,-0.1419,0.173
1.235209,-0.1023,0.0533,-0.1373,0.179
1.241003,-0.0540,0.0938,-0.0996,0.147
1.246765,-0.0463,0.0816,-0.1217,0.154
1.250223,-0.0482,0.0575,-0.1248,0.146
1.255788,-0.0215,0.0858,-0.1327,0.159
1.262129,0.0026,0.0995,-0.1285,0.163
1.265367,0.0098,0.0940,-0.1100,0.145
1.270540,0.0241,0.0601,-0.0939,0.114
1.275432,0.0668,0.0954,-0.0828,0.143
1.280745,0.1020,0.0663,-0.0834,0.148
1.285793,0.0751,0.0209,-0.0627,0.100
1.291550,0.0627,0.0355,-0.0350,0.080
1.295714,0.0764,0.0286,-0.0313,0.087
1.301307,0.0521,0.0552,-0.0206,0.079
1.305978,0.0326,0.0555,-0.0146,0.066
1.311083,0.0347,0.0463,0.0054,0.058
1.315662,0.0107,0.0276,0.0038,0.030
1.321933,0.0059,0.0399,-0.0359,0.054
1.325860,-0.0108,0.0309,0.0080,0.034
1.331176,-0.0344,-0.0044,0.0017,0.035
1.336201,0.0016,-0.0251,-0.0142,0.029
1.341749,-0.0079,-0.0315,0.0010,0.032
1.346107,0.0112,-0.0378,0.0307,0.050
1.351489,0.0278,-0.0559,0.0364,0.072
1.356322,0.0133,-0.0477,0.0348,0.061
1.362215,-0.0106,-0.0396,0.0404,0.058
1.366335,0.0109,-0.0315,0.0100,0.035
1.371933,-0.0295,-0.0401,-0.0247,0.056
1.376256,-0.0530,-0.0203,-0.0330,0.066
1.381921,-0.0477,0.0231,-0.0246,0.058
1.386506,-0.0520,0.0375,-0.0422,0.077
1.391985,-0.0492,-0.0171,-0.0501,0.072
1.397105,-0.0440,-0.0331,-0.0412,0.069
1.402331,-0.0080,-0.0441,-0.0037,0.045
1.406673,0.0323,-0.0571,0.0193,0.068
1.411801,0.0604,-0.0650,0.0207,0.091
1.416682,0.0882,-0.0321,0.0387,0.102
1.422271,0.0825,-0.0159,0.0376,0.092
1.426912,0.0934,-0.0379,-0.0063,0.101
1.432067,0.0900,-0.0238,-0.0638,0.113
1.437024,0.0770,0.0068,-0.1136,0.137
1.443621,0.0879,0.0086,-0.1840,0.204
1.447039,0.0440,0.0247,-0.1848,0.192
1.451980,-0.0138,0.0001,-0.1854,0.186
1.457008,-0.0188,0.0209,-0.1194,0.123
1.462133,0.0048,0.0507,-0.0895,0.103
1.466901,-0.0027,0.0398,-0.0433,0.059
1.472448,0.0160,0.0241,0.0214,0.036
1.477980,0.0062,-0.0035,0.0974,0.098
1.485340,0.0225,-0.0189,0.0823,0.087
1.487658,0.0672,-0.0199,0.0650,0.096
1.492858,0.0688,-0.0328,0.0905,0.118
1.498110,0.0324,-0.0552,0.0634,0.090
1.503032,0.0153,-0.0559,0.0555,0.080
1.507840,0.0624,-0.0994,0.0500,0.128
1.515429,0.0308,-0.0951,0.0281,0.104
1.517863,0.0304,-0.1122,0.0348,0.121
1.524329,0.0442,-0.1387,0.0058,0.146
1.532636,0.0103,-0.1222,0.0055,0.123
1.535307,0.0029,-0.1106,0.0004,0.111
1.537849,0.0289,-0.1228,-0.0071,0.126
1.543621,-0.0024,-0.1137,-0.0075,0.114
1.548366,-0.0382,-0.0881,-0.0055,0.096
1.553251,-0.0380,-0.0675,-0.0203,0.080
1.558305,-0.0306,-0.0590,-0.0278,0.072
1.564234,-0.0304,-0.0721,-0.0472,0.091
1.569757,-0.0588,-0.0874,-0.0358,0.111
1.573834,-0.0441,-0.0504,-0.0387,0.077
1.578551,-0.0152,-0.0519,-0.0274,0.061
1.583821,0.0158,-0.0841,-0.0257,0.089
1.588625,0.0299,-0.0662,-0.0384,0.082
1.593796,0.0201,-0.0413,0.0395,0.061
1.598845,0.0556,-0.0357,0.0027,0.066
1.603892,0.0717,-0.0682,-0.0503,0.111
1.608803,0.0687,-0.0719,-0.0267,0.103
1.613770,0.0942,-0.0540,-0.0317,0.113
1.619194,0.0720,-0.0531,-0.0367,0.097
1.624615,0.0951,-0.0641,-0.0202,0.116
1.628995,0.0966,-0.0394,-0.0561,0.118
1.633828,0.1053,-0.0505,-0.0656,0.134
1.639570,0.1043,-0.0354,-0.0394,0.117
1.644052,0.1248,-0.0346,-0.0395,0.135
1.649402,0.1451,-0.0365,-0.0514,0.158
1.654243,0.1391,-0.0431,-0.0370,0.150
1.659494,0.1285,-0.0306,0.0081,0.132
1.665937,0.1464,-0.0657,0.0150,0.161
1.669586,0.1737,-0.0604,-0.0020,0.184
1.675334,0.1485,-0.0693,0.0381,0.168
1.683435,0.1426,-0.0855,0.0160,0.167
1.686022,0.1058,-0.0920,0.0295,0.143
1.689500,0.0623,-0.0843,0.0286,0.109
1.694323,0.0311,-0.1005,-0.0176,0.107
1.699589,0.0642,-0.1308,-0.0257,0.148
1.705197,0.0211,-0.0850,-0.0505,0.101
1.709546,0.0426,-0.0777,-0.0777,0.118
1.714609,0.0568,-0.0753,-0.0693,0.117
1.719486,0.0781,-0.0707,-0.0708,0.127
1.725551,0.1230,-0.0614,-0.1344,0.192
1.729732,0.2151,-0.0286,-0.1691,0.275
1.734637,0.3112,-0.0485,-0.1559,0.351
1.739917,0.3875,-0.0209,-0.1951,0.434
1.746024,0.5083,-0.0506,-0.2101,0.552
1.750216,0.6353,-0.0518,-0.2794,0.696
1.755149,0.7256,-0.0508,-0.3051,0.789
1.760694,0.8579,-0.0524,-0.3584,0.931
1.765505,0.9914,-0.0516,-0.4178,1.077
1.770425,1.1665,-0.0653,-0.4497,1.252
1.775683,1.3115,-0.0790,-0.5137,1.411
1.780268,1.4980,-0.0783,-0.5692,1.604
1.785815,1.6425,-0.0753,-0.6111,1.754
1.790357,1.7999,-0.0938,-0.6444,1.914
1.799322,1.9677,-0.0811,-0.6952,2.088
1.800555,2.1078,-0.0851,-0.7607,2.242
1.805476,2.3012,-0.0676,-0.7909,2.434
1.810088,2.4760,-0.0620,-0.8476,2.618
1.817538,2.6230,-0.0799,-0.8687,2.764
1.821095,2.7542,-0.0379,-0.9466,2.913
1.825955,2.9098,-0.0290,-1.0302,3.087
1.830767,3.0734,-0.0506,-1.0962,3.263
1.835656,3.2888,-0.0857,-0.9341,3.420
1.841288,3.5585,-0.0912,-0.7057,3.629
1.846186,3.8227,-0.0909,-0.4625,3.852
1.850850,4.1078,-0.0630,-0.2345,4.115
1.856049,4.3086,-0.0386,-0.0966,4.310
1.862985,4.4755,-0.0151,-0.0537,4.476
1.867156,4.6490,0.0126,0.0100,4.649
1.871306,4.6281,0.1211,0.0660,4.630
1.876243,4.4845,0.2577,0.1540,4.495
1.881171,4.2974,0.3550,0.3676,4.328
1.886345,4.0503,0.4078,0.5866,4.113
1.891895,3.7481,0.4139,0.8031,3.855
1.896253,3.3286,0.3806,0.9570,3.484
1.904305,2.8399,0.3390,1.1008,3.065
1.906517,2.2750,0.2938,1.2893,2.631
1.912800,1.6508,0.2213,1.5749,2.292
1.916342,0.9769,0.1693,1.8775,2.123
1.921936,0.2537,0.1570,2.1747,2.195
1.926622,-0.4326,0.1318,2.3962,2.438
1.931792,-1.0697,0.1793,2.4672,2.695
1.936818,-1.5524,0.1438,2.3895,2.853
1.942254,-1.8950,0.1020,2.0773,2.814
1.950439,-2.1650,0.1115,1.5863,2.686
1.951970,-2.4247,0.1673,1.0059,2.630
1.956964,-2.6671,0.2429,0.4930,2.723
1.969439,-2.9213,0.3237,-0.1091,2.941
1.970377,-3.2829,0.4332,-0.7175,3.388
1.971882,-3.6156,0.5466,-1.1965,3.848
1.976982,-4.1037,0.6369,-1.4731,4.406
1.981973,-4.5723,0.7009,-1.5487,4.878
1.987748,-5.0810,0.6975,-1.3758,5.310
1.992688,-5.4979,0.6357,-1.0200,5.628
1.997652,-5.8803,0.4747,-0.6091,5.931
2.002687,-6.2136,0.2022,0.0441,6.217
2.008029,-6.3945,-0.1334,0.6241,6.426
2.013179,-6.5261,-0.4407,1.1149,6.635
2.017988,-6.5913,-0.7771,1.5700,6.820
2.022865,-6.0759,-1.1368,1.9213,6.473
2.028047,-5.4235,-1.4675,2.0743,5.989
2.032201,-5.3861,-1.6360,1.9813,5.968
2.037470,-5.4514,-1.6015,1.8646,5.980
2.042302,-5.5980,-1.5347,1.6045,6.022
2.047488,-5.7924,-1.4240,1.2840,6.101
2.053490,-5.9413,-1.3134,1.0320,6.172
2.057693,-6.1022,-1.2442,0.8492,6.285
2.063150,-6.0812,-1.1760,0.7309,6.237
2.070261,-6.1226,-1.1827,0.6172,6.266
2.072944,-6.1785,-1.2285,0.4914,6.319
2.077717,-6.4044,-1.3511,0.3871,6.557
2.082911,-6.7331,-1.5000,0.2850,6.904
2.088410,-7.0715,-1.5841,0.2881,7.252
2.093557,-7.4576,-1.7085,0.3697,7.660
2.099812,-7.9057,-1.7650,0.5048,8.116
2.104070,-8.3561,-1.8419,0.6423,8.581
2.109024,-8.8541,-1.8193,0.7147,9.067
2.114738,-9.2944,-1.7088,0.7834,9.483
2.118448,-9.7344,-1.5753,0.7861,9.892
2.123266,-10.2674,-1.3710,0.6408,10.378
2.128538,-10.6946,-1.1131,0.4775,10.763
2.133562,-11.1453,-0.8023,0.1918,11.176
2.138811,-11.5235,-0.5092,-0.0576,11.535
2.144183,-11.8600,-0.2543,-0.4479,11.871
2.149308,-12.1618,-0.0506,-0.8519,12.192
2.153365,-12.2966,0.1385,-1.2002,12.356
2.158601,-11.3097,0.1203,-1.4318,11.401
2.163592,-10.3152,-0.2304,-1.9408,10.499
2.170159,-9.0595,-0.4767,-2.4431,9.395
2.173758,-7.8451,-0.6578,-3.0698,8.450
2.178886,-6.9212,-0.7443,-3.5512,7.815
2.184094,-6.1871,-0.6742,-3.8881,7.338
2.189370,-5.4585,-0.5248,-4.1391,6.870
2.194322,-4.8167,-0.4308,-4.3627,6.513
2.198942,-4.2331,-0.4403,-4.7171,6.353
2.204253,-3.6052,-0.4545,-4.7946,6.016
2.209476,-2.9046,-0.5116,-4.4634,5.350
2.217998,-2.0713,-0.6568,-3.6808,4.274
2.219523,-1.1122,-0.8515,-2.5757,2.932
2.224226,-0.1300,-1.0258,-1.4595,1.789
2.232960,0.8208,-1.1915,-0.4676,1.521
2.234782,1.7382,-1.3053,0.2946,2.194
2.239111,2.5383,-1.3284,0.6213,2.932
2.244624,3.4340,-1.3520,0.8858,3.795
2.249493,4.4440,-1.3662,1.1254,4.784
2.255195,5.5585,-1.3761,1.3104,5.874
2.259683,7.5296,-1.8129,2.3519,8.094
2.265003,8.2020,-1.5330,2.4282,8.690
2.270043,9.4328,-1.4474,2.5887,9.888
2.274874,10.5322,-1.3159,2.8052,10.978
2.280534,11.2038,-1.0306,2.8652,11.610
2.284709,11.6640,-0.6665,2.8150,12.017
2.290017,12.0401,-0.3080,2.5934,12.320
2.295095,11.8056,0.1694,2.2269,12.015
2.299858,10.9808,0.6247,1.6536,11.122
2.305265,10.9108,0.8647,1.1620,11.007
2.310840,10.9678,1.0665,1.0195,11.067
2.314874,10.8813,1.1820,1.0509,10.996
2.320515,10.7760,1.3045,1.0756,10.908
2.325443,10.7406,1.4073,1.1885,10.897
2.330249,10.8326,1.3805,1.2588,10.993
2.335247,11.0946,1.2872,1.2708,11.241
2.340218,11.2895,1.2503,1.0773,11.410
2.345291,11.3143,1.2805,0.7528,11.411
2.351963,11.4008,1.2591,0.3113,11.474
2.355780,11.4005,1.2459,-0.1721,11.470
2.361163,11.4329,1.2608,-0.5827,11.517
2.367205,11.4597,1.2517,-0.8953,11.563
2.371874,11.4017,1.2096,-1.2266,11.531
2.375537,11.3380,1.1776,-1.5382,11.502
2.386012,11.2712,1.0508,-1.7825,11.460
2.386928,11.1390,0.8751,-2.0564,11.361
2.391635,11.0084,0.7081,-2.3382,11.276
2.395737,10.8794,0.5908,-2.5408,11.188
2.401877,10.6876,0.4873,-2.7309,11.042
2.406123,10.5527,0.4667,-2.7835,10.924
2.412151,10.3191,0.4615,-2.7584,10.691
2.415821,10.0399,0.5188,-2.6727,10.403
2.421561,9.8109,0.5995,-2.5145,10.146
2.426481,9.6369,0.6979,-2.2820,9.928
2.431477,9.5924,0.7938,-1.9659,9.824
2.435981,9.5694,0.9011,-1.6844,9.758
2.441553,9.4723,0.9502,-1.5122,9.639
2.447293,9.4257,1.0028,-1.3365,9.573
2.451783,9.3004,1.0706,-1.2221,9.441
2.456457,9.2232,1.0769,-1.0659,9.347
2.462011,9.0745,1.0696,-1.0712,9.200
2.466192,8.9093,1.1492,-1.1164,9.052
2.473497,8.5815,1.1485,-1.2573,8.749
2.476588,8.0599,1.1187,-1.3892,8.255
2.482313,7.2368,0.9863,-1.2384,7.408
2.486345,6.1362,0.7471,-0.7318,6.225
2.492288,5.0165,0.2278,-0.0344,5.022
2.500510,4.0857,-0.4857,0.8591,4.203
2.501585,3.3959,-0.8745,2.8921,4.545
2.506777,2.5599,-0.8353,4.9855,5.666
2.512808,1.4354,-0.7724,5.4099,5.650
2.518505,0.1619,-0.6490,4.8449,4.891
2.522404,-1.3182,-0.4694,3.4956,3.765
2.526862,-2.9574,-0.3414,1.6117,3.385
2.532352,-4.7517,-0.2765,-0.2730,4.768
2.538741,-6.5416,-0.2950,-1.7450,6.777
2.542249,-8.2941,-0.3322,-2.5888,8.695
2.547702,-10.0551,-0.2357,-2.9133,10.471
2.552990,-11.7381,0.0888,-2.6921,12.043
2.557299,-13.3091,0.5069,-2.0957,13.483
2.562507,-14.5682,0.9980,-1.4445,14.674
2.567137,-15.5378,1.4124,-1.2091,15.649
2.573498,-16.1182,1.6093,-1.4489,16.263
2.577121,-16.4019,1.4735,-2.1560,16.608
2.582884,-16.4362,0.9531,-3.2731,16.786
2.588493,-16.1545,0.1984,-4.3435,16.729
2.593358,-15.5746,-0.6945,-5.0964,16.402
2.597728,-14.9582,-1.7463,-5.4405,16.012
2.602731,-14.3998,-2.7853,-5.0493,15.512
2.607842,-13.5818,-3.8308,-3.8064,14.616
2.612877,-12.4024,-4.7834,-2.1194,13.461
2.617546,-11.8536,-6.0764,0.0908,13.321
2.623255,-11.3123,-7.1971,2.6407,13.665
2.627716,-10.6275,-7.8713,4.9329,14.115
2.634951,-9.7347,-8.1119,6.5948,14.285
2.638063,-8.4526,-8.0011,7.5904,13.895
2.643268,-6.8564,-7.4510,7.8734,12.827
2.651275,-5.1369,-6.1981,7.4002,10.935
2.654402,-4.7244,-4.4166,6.2219,8.974
2.657816,-6.1948,-2.4748,4.5289,8.063
2.663030,-7.4397,-0.8429,2.6056,7.928
2.668383,-8.1497,0.2066,0.4679,8.166
2.673889,-8.7123,0.9272,-1.6001,8.906
2.678829,-9.1673,1.5632,-3.3807,9.895
2.683361,-9.6504,2.1790,-4.7918,10.993
2.688637,-10.0503,2.7102,-5.7766,11.905
2.694171,-10.4311,3.1239,-6.4115,12.636
2.698487,-10.7392,3.3728,-6.6647,13.081
2.703450,-11.0629,3.4987,-6.4469,13.274
2.710074,-11.4517,2.9976,-5.5866,13.090
2.715050,-10.5177,1.2360,-4.7447,11.604
2.718529,-9.0154,-0.3637,-3.5425,9.693
2.723924,-8.1839,-1.3323,-1.6860,8.461
2.728890,-7.5299,-1.9268,0.4948,7.788
2.733877,-6.8525,-2.3496,2.4451,7.646
2.738726,-6.2473,-2.6304,3.8871,7.814
2.743893,-5.7981,-2.8116,4.7222,7.989
2.752787,-5.5218,-2.9882,4.7891,7.897
2.754469,-5.2889,-2.8736,4.1231,7.296
2.759133,-5.0832,-2.6227,3.2271,6.568
2.770346,-5.0911,-2.6144,2.0330,6.074
2.771400,-5.1446,-2.5461,0.4267,5.756
2.775107,-5.0354,-2.3258,-0.9426,5.626
2.779004,-4.7853,-2.0237,-1.6651,5.456
2.784138,-4.3393,-1.7977,-2.0411,5.121
2.789040,-3.7403,-1.6308,-2.2625,4.666
2.794668,-2.9551,-1.4867,-2.4967,4.145
2.799751,-2.0557,-1.3294,-2.7428,3.676
2.804556,-1.0733,-1.1580,-3.0554,3.439
2.809774,-0.0755,-1.0652,-3.4285,3.591
2.815654,0.9304,-0.9552,-3.5627,3.804
2.819370,1.9249,-0.8248,-3.4159,4.007
2.825940,2.8719,-0.6736,-3.1072,4.284
2.829714,3.8074,-0.5658,-2.6077,4.649
2.835179,4.7745,-0.4079,-1.9465,5.172
2.839415,5.7061,-0.2165,-1.1895,5.833
2.844506,6.5617,0.0087,-0.4028,6.574
2.849509,7.3632,0.2050,0.2326,7.370
2.855510,8.1347,0.4084,0.8806,8.192
2.860123,8.8213,0.6116,1.3756,8.949
2.865088,9.4278,0.8336,1.6437,9.606
2.871480,10.6215,0.7016,2.4092,10.914
2.875553,10.6238,0.9941,2.3347,10.923
2.880287,11.1401,1.1857,2.2224,11.421
2.885106,11.4090,1.3768,2.1247,11.687
2.890258,11.3687,1.5911,2.0461,11.660
2.896331,11.3213,1.7076,1.7545,11.583
2.901986,11.3698,1.7208,1.5515,11.603
2.905215,11.4662,1.7359,1.4203,11.684
2.910493,11.5173,1.6925,1.3626,11.720
2.925170,11.6643,1.5976,1.3180,11.847
2.926269,11.7969,1.4181,1.2401,11.946
2.926718,11.7644,1.2789,0.9932,11.875
2.930563,11.7605,1.1941,0.6479,11.839
2.937699,12.0293,1.0591,0.3580,12.081
2.941271,12.1921,0.8698,0.0608,12.223
2.946025,12.2298,0.7442,-0.4036,12.259
2.951111,12.2835,0.6591,-0.9332,12.336
2.956474,12.2860,0.4979,-1.4878,12.386
2.960647,12.0532,0.3689,-2.2249,12.262
2.965607,11.3916,0.4275,-2.9759,11.782
2.971584,10.6944,0.6010,-3.6175,11.306
2.977189,10.0721,0.7207,-4.0019,10.862
2.980976,9.6874,0.8479,-4.0240,10.524
2.985886,9.4135,0.9702,-3.7661,10.185
2.991868,9.1400,1.1327,-3.4098,9.821
2.996777,8.8887,1.3154,-3.0431,9.487
3.001649,8.6380,1.5036,-2.6051,9.147
3.006426,8.4765,1.6583,-2.1711,8.906
3.011625,8.4279,1.7791,-1.6940,8.779
3.016496,8.4347,1.8182,-1.2033,8.712
3.021248,8.4848,1.8859,-0.6593,8.717
3.026824,8.4991,1.8651,-0.0534,8.701
3.036118,8.4871,1.8467,0.7425,8.717
3.038134,8.5208,1.8432,1.4913,8.844
3.041717,8.4851,1.8090,2.0044,8.904
3.046894,8.3802,1.7998,2.4433,8.913
3.055724,8.1656,1.8590,2.6058,8.771
3.056844,7.8150,1.8749,2.5185,8.422
3.062306,7.3046,1.7905,2.2753,7.857
3.066709,6.6991,1.5542,2.0304,7.170
3.071991,6.2016,1.0979,1.7488,6.536
3.077115,5.7398,0.4617,1.4316,5.934
3.082820,5.1650,-0.2587,0.9041,5.250
3.086665,4.4744,-0.6434,1.0769,4.647
3.092290,3.9893,-0.7170,1.7722,4.424
3.097931,3.2910,-0.8559,1.4850,3.711
3.102194,2.4445,-1.0212,0.6072,2.718
3.107068,1.4784,-1.2291,-0.4761,1.981
3.112543,0.2945,-1.4526,-1.7831,2.319
3.117983,-1.0237,-1.7438,-3.3479,3.911
3.122392,-2.5557,-2.1307,-4.8301,5.865
3.127496,-4.2923,-2.5193,-6.0930,7.867
3.133812,-6.1384,-2.8943,-6.8553,9.646
3.137818,-8.0925,-3.2412,-7.0345,11.202
3.142480,-10.2340,-3.5761,-6.5815,12.682
3.147539,-12.5416,-3.7896,-5.3403,14.148
3.152902,-15.2084,-3.7545,-3.4480,16.040
3.158175,-18.0362,-3.3624,-1.0704,18.378
3.162860,-20.5909,-2.6728,1.1429,20.795
3.170191,-22.5076,-2.1887,2.5786,22.760
3.173877,-23.8272,-1.8772,3.0430,24.094
3.178210,-24.3541,-1.5617,2.8013,24.564
3.186812,-23.8506,-1.2160,2.5214,24.014
3.188129,-21.7327,-0.7997,2.5925,21.901
3.192807,-18.3138,-0.0266,1.9360,18.416
3.198106,-16.5040,-0.7109,-0.3755,16.524
3.203144,-14.8488,-1.6230,-1.7737,15.042
3.208061,-13.1518,-2.2013,-1.8516,13.463
3.213066,-11.4904,-2.7249,-1.2772,11.878
3.218666,-10.0926,-3.2447,-0.4842,10.612
3.223355,-8.8483,-3.6805,0.1898,9.585
3.229135,-7.9111,-3.9506,0.6606,8.867
3.233847,-7.2114,-4.1491,1.1671,8.401
3.238774,-6.6276,-4.2959,1.6583,8.070
3.243204,-6.1385,-4.3685,2.1646,7.839
3.250116,-6.3017,-3.9399,2.7805,7.935
3.253332,-8.1953,-2.4426,3.4645,9.227
3.258742,-9.6908,-1.0370,3.9055,10.500
3.263260,-10.2514,-0.1725,3.9439,10.985
3.268219,-10.4876,0.3918,3.4747,11.055
3.273427,-10.5861,0.6721,2.4597,10.889
3.279806,-10.4874,0.7282,1.2410,10.586
3.284938,-10.2996,0.6444,-0.0476,10.320
3.288312,-10.0134,0.5217,-1.0325,10.080
3.293394,-9.7681,0.3842,-1.7408,9.929
3.299687,-9.4967,0.1916,-1.9900,9.705
3.303592,-9.1611,-0.0391,-1.7953,9.335
3.308546,-8.8403,-0.3217,-1.3000,8.941
3.314429,-8.5007,-0.6702,-0.7222,8.558
3.319408,-8.1162,-0.9377,-0.1546,8.172
3.324139,-7.8375,-1.1094,0.4104,7.926
3.329455,-7.3991,-1.3872,1.1440,7.614
3.336456,-6.9206,-1.7063,1.3988,7.264
3.339723,-6.8401,-1.9648,0.5866,7.141
3.344294,-7.0543,-1.9732,-0.5480,7.346
3.353776,-7.3190,-1.8664,-1.1388,7.639
3.354729,-7.3372,-1.7742,-1.2981,7.659
3.359778,-7.0251,-1.6270,-1.3042,7.328
3.364373,-6.5285,-1.5422,-1.5075,6.875
3.369280,-5.8736,-1.3755,-2.0070,6.358
3.374518,-5.2016,-1.2320,-2.6265,5.956
3.381968,-4.4912,-1.0802,-3.2938,5.673
3.384491,-3.7975,-0.9172,-3.8527,5.487
3.389405,-3.1087,-0.7951,-4.3287,5.388
3.394519,-2.3436,-0.7089,-4.5394,5.158
3.399636,-1.6772,-0.5815,-4.4922,4.830
3.404813,-1.0326,-0.5375,-4.4195,4.570
3.409705,-0.4028,-0.4573,-4.1126,4.158
3.414773,0.2171,-0.3798,-3.5809,3.608
3.420186,0.8249,-0.3061,-3.1202,3.242
3.425031,1.6046,-0.2159,-2.5272,3.001
3.430395,2.5178,-0.1317,-1.6897,3.035
3.435061,3.5808,-0.0134,-0.6116,3.633
3.441095,4.8872,0.0521,0.7392,4.943
3.445144,6.3721,0.1273,2.2730,6.767
3.454090,7.9043,0.1665,3.7166,8.736
3.455524,9.4721,0.2495,4.8710,10.654
3.460864,11.7857,-0.1634,6.8151,13.615
3.465221,12.8894,-0.2151,6.8749,14.610
3.472182,13.7834,-0.0210,6.9053,15.416
3.475495,14.9444,-0.0667,6.7429,16.395
3.480821,15.4740,-0.0704,6.1348,16.646
3.485453,15.5736,0.0693,5.2755,16.443
3.490387,14.8934,-0.0661,3.9383,15.406
3.495890,13.7164,-0.0296,2.0993,13.876
3.501592,12.7225,0.0688,0.4460,12.731
3.505900,12.4526,-0.2732,-0.7451,12.478
3.510736,12.7552,-0.8441,-1.4353,12.863
3.516890,12.8255,-1.3139,-2.0661,13.057
3.520950,12.6352,-1.6241,-2.7607,13.035
3.525935,12.3785,-1.7221,-3.5384,12.989
3.531657,12.2805,-1.8331,-4.2456,13.122
3.535868,12.2310,-1.9229,-4.8964,13.314
3.541508,12.2230,-1.9433,-5.4511,13.524
3.545796,12.3403,-1.9433,-5.9353,13.831
3.551022,12.4491,-1.9341,-6.4245,14.142
3.556637,12.3725,-1.7763,-6.9369,14.295
3.561973,11.7522,-1.2832,-7.4401,13.968
3.566925,11.1185,-0.6624,-7.8100,13.604
3.571741,10.5652,0.0074,-8.0232,13.266
3.576402,10.1267,0.6190,-7.9511,12.890
3.582126,9.9781,1.1421,-7.5782,12.582
3.586375,10.0716,1.4182,-7.0205,12.359
3.592087,10.2015,1.5814,-6.2802,12.084
3.596483,10.3052,1.7413,-5.3785,11.754
3.603875,10.3512,1.8736,-4.5549,11.463
3.606982,10.3415,2.0208,-3.7882,11.197
3.612724,10.2327,2.1486,-3.2148,10.939
3.623292,10.1036,2.2876,-2.6882,10.702
3.624370,9.8966,2.4513,-2.3392,10.461
3.626601,9.7336,2.5264,-2.0868,10.270
3.634113,9.6099,2.6157,-1.9118,10.141
3.636691,9.5325,2.5467,-1.8111,10.032
3.642633,9.6474,2.3274,-1.6947,10.068
3.647104,9.7003,2.0429,-1.5275,10.030
3.652133,9.5310,1.8164,-1.3796,9.800
3.657201,9.1225,1.5528,-1.1421,9.324
3.662339,8.8026,1.2478,-0.8051,8.927
3.666966,8.3456,1.0222,-0.3290,8.414
3.672535,7.8133,0.7352,0.2176,7.851
3.677653,7.1312,0.2709,0.4978,7.154
3.683682,6.2582,-0.3217,0.8775,6.328
3.687235,5.4214,-0.7559,2.2354,5.913
3.692571,4.4098,-1.1340,5.1511,6.875
3.697410,3.0618,-1.4843,7.9147,8.615
3.702999,1.7474,-1.7771,9.8260,10.137
3.707691,0.5877,-2.0138,10.3031,10.514
3.712502,-0.5648,-2.0308,8.9593,9.204
3.722362,-1.6527,-1.9212,6.2799,6.772
3.723403,-2.7869,-1.7068,3.3036,4.647
3.728031,-3.8823,-1.5052,0.5669,4.202
3.741293,-4.9903,-1.3190,-1.8375,5.479
3.742458,-6.1354,-1.1847,-3.6452,7.234
3.743412,-7.2727,-1.0048,-4.7654,8.753
3.747771,-8.4169,-0.7386,-5.2670,9.956
3.752750,-9.6923,-0.4023,-5.3678,11.087
3.758698,-11.0098,-0.0100,-5.1367,12.149
3.763677,-12.3497,0.3593,-4.7344,13.231
3.767945,-13.7873,0.7646,-4.2642,14.452
3.772857,-15.1346,0.9944,-3.8982,15.660
3.778082,-16.3230,1.0333,-3.6204,16.752
3.784109,-17.3131,0.8619,-3.4063,17.666
3.787980,-17.9006,0.2984,-2.9859,18.150
3.793306,-18.0708,-0.6245,-2.2571,18.222
3.798119,-17.7903,-1.7036,-0.9714,17.898
3.803793,-16.9685,-2.7034,0.7079,17.197
3.808418,-15.3474,-3.3788,2.2171,15.871
3.813405,-13.0364,-3.2221,3.2143,13.808
3.818436,-11.6194,-2.8687,3.6875,12.523
3.823820,-10.5823,-2.6904,3.6805,11.523
3.828522,-9.5668,-2.5548,3.1425,10.389
3.834240,-8.5502,-2.5417,2.4514,9.251
3.838661,-7.5285,-2.6469,2.0313,8.235
3.844025,-6.4952,-2.8848,1.9318,7.365
3.849390,-5.5393,-3.1141,2.2543,6.743
3.853410,-4.6299,-3.3535,2.6616,6.306
3.858780,-3.8268,-3.5190,2.8833,5.945
3.864039,-3.2210,-3.5198,2.8145,5.539
3.871209,-2.9132,-3.3304,2.3270,4.999
3.873841,-3.5325,-2.4959,1.3547,4.532
3.879203,-6.0489,-1.0439,0.1229,6.140
3.889065,-7.8748,0.2516,-0.7527,7.915
3.890030,-8.5074,0.9458,-1.4479,8.681
3.893916,-8.8497,1.2653,-2.0506,9.172
3.899094,-9.2031,1.5468,-2.3755,9.630
3.904103,-9.6609,1.7231,-2.3078,10.081
3.909172,-10.1150,1.7793,-1.7961,10.426
3.914550,-10.5936,1.7793,-0.9365,10.783
3.919490,-11.0510,1.6981,0.1365,11.182
3.924283,-11.2021,1.2986,1.2642,11.348
3.929322,-10.5018,0.4096,2.3549,10.770
3.934617,-9.5287,-0.5795,3.2281,10.077
3.939414,-9.0734,-1.2941,3.8503,9.941
3.945386,-9.1068,-1.7548,4.1803,10.173
3.949495,-9.3532,-1.8832,4.1954,10.423
3.954564,-8.8718,-1.6753,4.3697,10.030
3.960061,-7.7166,-2.3157,4.6706,9.313
3.965209,-8.4390,-3.0825,3.6267,9.689
3.969607,-10.9233,-2.2712,1.1657,11.218
3.974589,-11.1516,-1.7013,-0.0925,11.281
3.979602,-8.9450,-2.1709,0.5421,9.221
3.984773,-7.2334,-2.6658,1.4329,7.841
3.989565,-6.7799,-2.6372,1.1793,7.370
3.995061,-6.7480,-2.3679,0.0878,7.152
3.999834,-6.8094,-1.9268,-1.0292,7.151
4.005740,-6.8082,-1.3661,-1.9800,7.221
4.010793,-6.4809,-0.9220,-2.7501,7.100
4.015330,-6.3066,-0.6855,-3.7230,7.355
4.023252,-6.1033,-0.4888,-4.4299,7.557
4.026121,-5.7087,-0.2647,-4.5508,7.305
4.030129,-5.1636,-0.0924,-4.2853,6.711
4.035567,-4.4944,0.0784,-3.7792,5.873
4.040158,-3.6149,0.2481,-3.1650,4.811
4.045998,-2.5948,0.3789,-2.7163,3.776
4.051642,-1.5750,0.4233,-2.4391,2.934
4.055399,-0.5915,0.4607,-2.4521,2.564
4.060745,0.3316,0.5278,-2.5488,2.624
4.071781,1.1919,0.5148,-2.6272,2.931
4.072881,2.0777,0.4725,-2.5627,3.333
4.075857,3.0007,0.4297,-2.2048,3.748
4.081363,3.8839,0.3275,-1.6855,4.247
4.086758,4.8566,0.2521,-1.0277,4.971
4.091530,5.9928,0.2105,-0.2263,6.001
4.095889,7.1440,0.1650,0.6881,7.179
4.101480,8.3221,0.1852,1.8440,8.526
4.106265,9.4675,0.1928,2.8399,9.886
4.111752,10.5420,0.1765,3.6531,11.158
4.115943,11.4999,0.1609,4.2019,12.245
4.120994,13.2476,-0.3500,5.6440,14.404
4.126484,13.0512,0.0150,4.6925,13.869
4.131579,13.7581,0.0144,4.3769,14.438
4.136428,13.9935,0.1251,4.0759,14.576
4.141654,13.6405,0.2887,3.4027,14.061
4.146571,13.0277,0.5491,2.5255,13.282
4.155464,12.8589,0.7127,1.3882,12.953
4.156324,12.5617,0.9079,0.3494,12.599
4.161901,12.1126,1.1237,-0.5079,12.175
4.167348,11.7393,1.2488,-1.3593,11.884
4.174572,11.5425,1.3160,-1.9384,11.778
4.176554,11.6440,1.1386,-2.4554,11.954
4.182301,11.9021,0.8712,-3.0206,12.310
4.187514,11.9338,0.5920,-3.5973,12.478
4.191769,11.7538,0.3306,-4.2971,12.519
4.196852,11.5421,0.1733,-5.0812,12.612
4.202820,11.4022,-0.0137,-5.8402,12.811
4.207133,11.1909,-0.1842,-6.4997,12.943
4.212561,10.9665,-0.2904,-7.0717,13.052
4.216947,10.8371,-0.3582,-7.4304,13.145
4.222167,10.7288,-0.4136,-7.6996,13.212
4.227685,10.5152,-0.2915,-7.7568,13.070
4.232240,10.1583,-0.0715,-7.6625,12.724
4.237129,9.8615,0.2169,-7.3626,12.309
4.242254,9.6823,0.5675,-6.8756,11.889
4.248139,9.7829,0.8433,-6.2819,11.657
4.252076,9.8016,1.1014,-5.6784,11.381
4.257075,9.7336,1.4204,-5.1036,11.082
4.262458,9.6722,1.6178,-4.6365,10.847
4.268352,9.6748,1.7410,-4.1647,10.676
4.272482,9.7218,1.8474,-3.6625,10.552
4.277640,9.7985,1.8772,-3.2717,10.500
4.282769,9.8136,1.9580,-2.8063,10.393
4.288826,9.7405,1.9629,-2.4082,10.224
4.292612,9.6676,1.8324,-2.0579,10.053
4.297645,9.5133,1.7341,-1.7025,9.819
4.306797,9.4019,1.6348,-1.3993,9.645
4.308867,9.3543,1.4229,-1.0790,9.523
4.313864,9.1355,1.1879,-0.8716,9.254
4.327532,8.5993,0.9840,-0.7303,8.686
4.328543,7.8605,0.6253,-0.7346,7.919
4.328912,7.0051,0.0700,-0.7137,7.042
4.332858,6.1523,-0.6037,-0.4903,6.201
4.337988,4.8949,-0.9635,0.8998,5.069
4.343930,3.8791,-1.1991,3.9819,5.687
4.348379,2.7469,-1.5642,6.6974,7.406
4.353166,1.6149,-1.7731,7.9099,8.265
4.358033,0.3699,-1.8877,7.7167,7.953
4.364114,-0.9873,-1.9485,6.1253,6.503
4.369474,-2.4353,-2.0114,3.5558,4.756
4.373111,-3.9295,-2.0868,1.0069,4.562
4.378359,-5.4182,-2.1523,-1.0490,5.924
4.383381,-6.7703,-2.2284,-2.5192,7.560
4.388592,-8.0557,-2.3735,-3.4557,9.081
4.393678,-9.2270,-2.4347,-3.6976,10.234
4.398851,-10.5139,-2.3958,-3.1770,11.242
4.403439,-11.7678,-2.2145,-2.0354,12.146
4.409326,-13.0025,-1.8894,-0.5295,13.150
4.413860,-14.2909,-1.3983,1.1465,14.405
4.422611,-15.5068,-0.8419,2.5714,15.741
4.424312,-16.4667,-0.3264,3.1429,16.767
4.430068,-17.0906,0.1089,2.7114,17.305
4.434143,-17.2634,0.5994,1.6303,17.351
4.444401,-16.7750,1.2070,0.4595,16.825
4.445653,-15.6387,1.5429,-0.4582,15.721
4.449445,-13.1983,0.6950,-1.2780,13.278
4.453900,-10.7134,-0.5593,-1.8836,10.892
4.460352,-9.2457,-1.2804,-1.8418,9.514
4.464685,-8.3377,-1.6657,-1.1696,8.583
4.469876,-7.5318,-1.9562,-0.2770,7.787
4.473974,-6.8493,-2.3314,0.4701,7.250
4.479329,-6.2375,-2.7230,1.1440,6.901
4.484333,-5.6271,-3.1226,1.6398,6.641
4.489713,-5.0543,-3.5880,2.0506,6.529
4.494716,-4.5984,-4.1884,2.3527,6.650
4.499529,-4.1257,-4.7224,2.6898,6.823
4.504228,-3.8188,-5.2274,3.0069,7.138
4.509627,-3.7162,-5.5979,3.0886,7.395
4.514926,-4.2563,-5.3916,2.7961,7.416
4.519608,-6.8283,-3.9020,2.3457,8.207
4.524572,-9.6174,-2.1380,2.1682,10.088
4.529836,-10.7003,-1.2076,1.8369,10.924
4.536228,-11.1077,-0.8907,1.1432,11.202
4.543120,-11.7065,-0.5792,0.4647,11.730
4.545107,-12.3719,-0.2710,-0.0791,12.375
4.550250,-13.0942,0.1481,-0.2694,13.098
4.555072,-13.8990,0.6236,-0.1277,13.914
4.560002,-14.5990,1.1012,0.1582,14.641
4.565052,-15.2008,1.6028,0.6326,15.298
4.573029,-15.6322,2.0502,1.1575,15.808
4.575345,-15.8926,2.4558,1.6811,16.169
4.580312,-15.9698,2.7753,2.0107,16.333
4.595494,-15.5428,2.7106,2.1162,15.919
4.596795,-13.3398,1.3729,1.7739,13.527
4.597378,-11.0775,-0.0440,1.1291,11.135
4.600348,-10.0569,-0.7887,0.7339,10.114
4.605284,-9.3365,-0.6834,0.9476,9.409
4.611591,-8.5354,-1.2629,0.9559,8.681
4.615935,-8.5912,-2.1197,-0.4844,8.862
4.621436,-8.7102,-2.2708,-2.1654,9.258
4.625562,-8.1819,-2.0070,-2.3663,8.750
4.631198,-7.4620,-1.9759,-1.6212,7.888
4.636652,-6.7256,-2.1576,-1.3626,7.193
4.641112,-5.9036,-2.3524,-1.3562,6.498
4.645935,-4.9867,-2.5164,-1.5520,5.797
4.653212,-4.0612,-2.6798,-1.8499,5.205
4.658274,-3.0294,-2.7959,-2.1161,4.634
4.661851,-1.9680,-2.8798,-2.3763,4.221
4.666061,-0.9900,-3.0066,-2.5852,4.087
4.671546,-0.0095,-3.0066,-2.7202,4.055
4.675712,0.8296,-2.9767,-2.5909,4.033
4.681191,1.5418,-2.8821,-2.2555,3.971
4.686013,2.2084,-2.6097,-1.7543,3.843
4.692114,2.7795,-2.2457,-1.3904,3.834
4.696179,3.2459,-1.9031,-1.2983,3.980
4.701297,3.6292,-1.5590,-1.2561,4.145
4.706407,3.9514,-1.1334,-1.3711,4.333
4.711937,4.2412,-0.6568,-1.3424,4.497
4.716632,4.7143,-0.1530,-0.8847,4.799
4.723208,5.3755,0.4265,-0.0525,5.393
4.726538,6.2181,1.0012,0.9912,6.376
4.732217,7.1752,1.5265,2.0482,7.616
4.744245,8.0964,2.0902,3.0252,8.892
4.745296,9.3673,2.4409,4.5642,10.702
4.746753,10.1039,2.7496,4.6540,11.459
4.751951,10.5057,3.1767,5.0665,12.088
4.756622,10.9941,3.4177,4.8711,12.501
4.761928,11.2600,3.5186,4.3923,12.588
4.767579,11.4539,3.5372,3.8560,12.593
4.772245,11.6352,3.4950,3.2250,12.570
4.777177,11.7412,3.2440,2.3601,12.408
4.782341,11.8838,2.9647,1.3828,12.326
4.787117,11.8714,2.7604,0.4213,12.195
4.795107,11.5271,2.5857,-0.4974,11.824
4.797004,11.3395,2.4638,-1.2604,11.672
4.803709,11.4498,2.1649,-1.6758,11.773
4.807217,11.5464,1.8241,-2.0393,11.866
4.812401,11.6768,1.4757,-2.4528,12.023
4.817970,11.7139,1.0465,-2.9479,12.124
4.822431,11.7298,0.5710,-3.6430,12.296
4.827375,11.7340,0.1243,-4.4495,12.550
4.833120,11.6938,-0.3237,-5.3068,12.846
4.837419,11.6407,-0.7337,-6.1329,13.178
4.843085,11.6260,-1.0572,-6.9679,13.595
4.847595,11.5546,-1.3319,-7.6704,13.933
4.857868,11.5207,-1.5163,-8.1785,14.210
4.858808,11.3814,-1.4714,-8.4220,14.235
4.862875,10.9483,-1.1501,-8.4745,13.893
4.867905,10.5311,-0.6862,-8.2086,13.370
4.885267,10.2805,-0.1344,-7.6861,12.837
4.886320,10.0311,0.3838,-7.0623,12.274
4.886766,9.9190,0.8333,-6.4975,11.887
4.888008,9.8623,1.2182,-5.9093,11.562
4.893926,9.8271,1.5260,-5.3802,11.307
4.897865,9.9209,1.6611,-4.9201,11.198
4.903535,9.9517,1.7531,-4.4364,11.036
4.909436,10.0434,1.7666,-3.9009,10.918
4.913465,10.0283,1.7979,-3.3763,10.733
4.918318,10.0353,1.7657,-2.7294,10.549
4.923720,9.9657,1.6371,-2.1143,10.318
4.928401,9.8385,1.5321,-1.6059,10.086
4.933887,9.6558,1.4248,-1.2117,9.835
4.938281,9.4244,1.3350,-1.0085,9.572
4.943882,9.0675,1.2727,-0.8887,9.199
4.948334,8.4822,1.2027,-0.7881,8.603
4.958340,7.7976,1.0107,-0.7592,7.899
4.959271,6.9704,0.7240,-0.7091,7.044
4.963948,6.1801,0.1687,-0.4249,6.197
4.968962,5.6151,-0.3284,0.6939,5.667
4.976431,4.4613,-0.6308,2.3382,5.076
4.978816,3.0068,-1.1161,3.6021,4.823
4.983925,1.6566,-1.5556,4.8473,5.354
4.988622,0.1722,-1.8290,5.6839,5.973
4.995501,-1.2920,-1.9817,5.6965,6.168
4.999523,-2.8551,-2.0140,4.7309,5.881
5.004675,-4.4544,-2.0701,2.9629,5.736
5.008895,-6.0950,-2.1086,1.1050,6.543
5.014364,-7.6554,-2.2457,-0.3242,7.985
5.019004,-9.0402,-2.2876,-0.9732,9.376
5.024834,-10.3549,-2.2905,-0.9045,10.644
5.029019,-11.6400,-2.2224,-0.4784,11.860
5.034719,-12.7850,-1.9436,0.1609,12.933
5.039115,-13.8302,-1.5585,0.9420,13.950
5.045596,-14.6793,-1.1956,1.3510,14.790
5.049395,-15.2866,-0.9302,0.9729,15.346
5.054665,-15.6257,-0.8062,-0.1454,15.647
5.059727,-15.7329,-0.7644,-1.2879,15.804
5.071028,-15.5102,-0.5992,-2.2356,15.682
5.072069,-14.6736,-0.4222,-2.7499,14.935
5.077142,-13.8672,-0.3567,-2.8294,14.157
5.079498,-13.2396,-0.2987,-2.7181,13.519
5.084620,-12.5011,-0.3339,-2.4852,12.750
5.089663,-11.5731,-0.4957,-2.1249,11.777
5.095622,-10.4202,-0.7311,-1.5064,10.554
5.099782,-9.1938,-1.0127,-0.5732,9.267
5.107727,-8.0808,-1.3160,0.4837,8.202
5.110322,-7.2607,-1.5709,1.4739,7.573
5.116240,-6.4366,-1.7702,2.2506,7.045
5.129536,-5.5562,-1.9039,2.8896,6.546
5.130785,-4.6794,-1.9736,3.3679,6.094
5.131275,-3.7466,-1.9901,3.5320,5.520
5.135738,-2.8610,-2.0767,3.3382,4.862
5.139845,-2.0563,-2.1433,2.9018,4.152
5.145256,-1.2824,-2.1887,2.2586,3.397
5.150425,-0.6734,-2.2619,1.3943,2.741
5.155351,-0.3108,-2.3830,0.3597,2.430
5.160159,-0.2422,-2.6082,-0.8602,2.757
5.165398,-0.9605,-2.6592,-2.0903,3.516
5.170549,-3.2682,-1.7864,-2.8786,4.707
5.175840,-5.1024,-0.9082,-2.9086,5.943
5.180392,-6.0130,-0.5695,-2.6201,6.584
5.185349,-6.5894,-0.4572,-2.0653,6.921
5.190797,-7.0162,-0.3962,-1.2389,7.136
5.196050,-7.3439,-0.3000,-0.2929,7.356
5.200681,-7.6203,-0.1588,0.7884,7.663
5.205784,-7.8000,0.0677,1.9137,8.032
5.211000,-7.6507,0.2186,2.9057,8.187
5.216229,-7.1439,0.1931,3.5625,7.985
5.225189,-6.0815,-0.0992,3.7309,7.135
5.226229,-4.9936,-0.5125,3.4172,6.073
5.231832,-4.2657,-0.5115,2.8099,5.134
5.249531,-3.1180,-0.5783,2.4147,3.986
5.250823,-2.2978,-1.0912,2.0193,3.248
5.251269,-3.2256,-1.1397,0.6040,3.474
5.251638,-4.6278,-0.4644,-1.2418,4.814
5.256665,-3.9935,-0.2250,-1.7572,4.369
5.262836,-2.1750,-0.8447,-1.0096,2.542
5.266343,-1.4258,-1.2504,-0.2658,1.915
5.272604,-1.1685,-1.3137,0.0030,1.758
5.276772,-1.1609,-1.3696,-0.2362,1.811
5.282124,-1.9456,-0.9854,-0.4579,2.228
5.287748,-2.7583,-0.5009,-0.4429,2.838
5.292226,-3.1464,-0.2815,-0.2088,3.166
5.297848,-3.4190,-0.2217,0.3487,3.444
5.301714,-3.6985,-0.1152,0.9786,3.827
5.306700,-3.8389,-0.0501,1.6573,4.182
5.312189,-3.9983,-0.0399,2.3556,4.641
5.316972,-4.1815,-0.1459,2.8618,5.069
5.322263,-4.4723,-0.1567,2.8672,5.315
5.326741,-4.8489,-0.0991,2.3697,5.398
5.332065,-5.3086,0.0213,1.5823,5.539
5.337961,-5.6143,0.1624,0.7827,5.671
5.342432,-5.7375,0.3089,-0.0271,5.746
5.347607,-5.5825,0.4053,-0.6833,5.639
5.352362,-5.2263,0.4776,-1.1546,5.374
5.358771,-4.7863,0.4951,-1.5969,5.070
5.362593,-4.3562,0.4511,-2.0315,4.828
5.367217,-3.9024,0.3768,-2.4648,4.631
5.374680,-3.3700,0.2560,-2.7673,4.368
5.378077,-2.7139,0.1133,-2.9130,3.983
5.382499,-2.1472,-0.0624,-2.9868,3.679
5.395997,-1.9117,-0.2368,-2.9700,3.540
5.396952,-1.8417,-0.3524,-3.0367,3.569
5.397973,-1.6213,-0.4410,-2.9339,3.381
5.402574,-1.2411,-0.4694,-2.6015,2.920
5.407415,-0.7849,-0.5381,-2.1824,2.381
5.412740,-0.2983,-0.6181,-1.8004,1.927
5.418492,0.2307,-0.6328,-1.3974,1.551
5.423580,0.7902,-0.6656,-0.9986,1.437
5.427579,1.3968,-0.6568,-0.6936,1.692
5.432915,2.0242,-0.6516,-0.4756,2.179
5.438756,2.6388,-0.6568,-0.3084,2.737
5.442770,3.1854,-0.5815,-0.2415,3.247
5.448370,3.7217,-0.5481,-0.2909,3.773
5.453016,4.2165,-0.4758,-0.2805,4.252
5.459805,4.7656,-0.3529,-0.2427,4.785
5.463065,5.3284,-0.2807,-0.2465,5.341
5.468343,5.9647,-0.1450,-0.1476,5.968
5.473646,6.5262,-0.0421,-0.0417,6.526
5.480038,7.8408,-0.2378,1.1070,7.922
5.483092,7.8809,0.0658,0.4572,7.894
5.492304,8.5769,0.1777,0.9089,8.627
5.493295,9.2197,0.2680,1.2707,9.311
5.499433,9.6611,0.2983,1.4887,9.780
5.503540,10.1980,0.3407,1.7811,10.358
5.513985,10.5717,0.3571,2.1770,10.799
5.514986,10.7082,0.4263,2.4379,10.990
5.519180,10.8662,0.4617,2.4365,11.146
5.523711,10.8756,0.5350,2.3885,11.148
5.528500,10.8873,0.6330,2.1457,11.115
5.533974,11.0160,0.6745,1.8100,11.184
5.539945,11.2160,0.7573,1.4418,11.334
5.543589,11.4558,0.8715,1.0253,11.535
5.548900,11.7209,0.9006,0.4262,11.763
5.554087,11.9610,0.9174,-0.3673,12.002
5.559219,12.2692,0.8372,-1.2544,12.362
5.564083,12.4494,0.7717,-2.1391,12.655
5.569290,12.5474,0.6580,-3.0327,12.925
5.574191,12.6521,0.6508,-3.7627,13.216
5.579455,12.7542,0.5553,-4.2963,13.470
5.584417,12.7774,0.4541,-4.6044,13.589
5.589689,12.7937,0.3796,-4.6210,13.608
5.594326,12.5947,0.3157,-4.4390,13.358
5.600277,11.9822,0.4391,-4.2634,12.726
5.608967,11.3109,0.6979,-4.0045,12.019
5.609702,10.8822,0.8603,-3.6397,11.507
5.614921,10.6410,0.7745,-3.2639,11.157
5.619769,10.5076,0.4043,-2.8654,10.899
5.629633,10.3861,0.1784,-2.7212,10.738
5.630727,10.2812,0.0847,-2.9607,10.699
5.634605,10.1786,0.0155,-3.5216,10.771
5.639924,9.8275,0.0166,-4.2041,10.689
5.644428,9.3290,0.0402,-4.8811,10.529
5.649843,8.8245,-0.1050,-5.7393,10.527
5.655465,8.2667,-0.5144,-6.7428,10.680
5.659782,7.5028,-0.8396,-7.7784,10.840
5.664875,6.2172,-0.7943,-8.1855,10.310
5.670106,5.5084,-1.2034,-8.6000,10.283
5.675167,4.4078,-1.8014,-9.5744,10.693
5.680147,2.7426,-2.4395,-10.7397,11.350
5.684950,0.7098,-3.1215,-11.1271,11.578
5.690357,-1.7553,-3.8764,-10.4668,11.299
5.695137,-4.4980,-4.8624,-8.5625,10.826
5.701183,-7.2529,-6.1960,-3.4460,10.142
5.706132,-10.0792,-7.5321,4.8110,13.471
5.711978,-13.3853,-7.7987,8.5779,17.708
5.715139,-17.7172,-7.0653,7.9653,20.670
5.720072,-22.3985,-6.0956,7.0143,24.250
5.725311,-26.5578,-4.9915,6.6674,27.833
5.730452,-30.1965,-3.8359,6.8875,31.209
5.735415,-32.8739,-2.7077,7.1682,33.755
5.742670,-34.4917,-1.5285,7.3157,35.292
5.745884,-34.8890,-0.2162,7.4770,35.682
5.751012,-34.2458,1.1239,7.5489,35.086
5.762088,-31.3949,2.6346,7.5850,32.405
5.763511,-27.0776,3.8331,6.6593,28.147
5.765835,-24.1741,3.4111,4.3011,24.790
5.770836,-21.0303,2.5799,1.4830,21.240
5.776053,-17.8870,1.7642,-1.4578,18.033
5.781660,-14.8860,1.1194,-4.0685,15.472
5.786158,-12.0679,0.4754,-5.9772,13.475
5.791539,-9.5948,-0.2890,-6.6119,11.656
5.795998,-7.0183,-1.0322,-6.0594,9.329
5.802439,-4.2610,-1.8684,-4.5146,6.483
5.806141,-1.2860,-2.8009,-2.2999,3.846
5.811316,2.0185,-3.7943,-0.1744,4.301
5.816493,5.2043,-4.7434,1.4538,7.190
5.822721,7.9653,-5.5554,2.7217,10.085
5.826490,10.0528,-6.3437,3.2239,12.316
5.831626,11.4790,-6.9405,1.9956,13.562
5.836427,12.5476,-7.6960,3.7201,15.183
5.842773,10.0078,-5.6104,0.6666,11.492
5.846614,6.9908,-3.5170,-1.9431,8.063
5.852269,6.3573,-2.7129,-3.6894,7.835
5.856679,5.8627,-2.0334,-4.4359,7.628
5.862635,5.1243,-1.1654,-4.5009,6.919
5.866686,4.2194,-0.2417,-4.1155,5.899
5.875629,3.5314,0.6740,-3.2423,4.841
5.876781,2.9170,1.5712,-2.1251,3.936
5.882549,1.9991,2.4558,-1.0879,3.348
5.886825,1.3077,3.1761,-0.2289,3.442
5.894333,0.7120,3.7625,0.4368,3.854
5.897097,0.2677,4.1822,1.0901,4.330
5.903370,0.1116,4.4693,1.5512,4.732
5.906796,0.3872,4.6782,1.9740,5.092
5.912203,1.1682,4.2210,2.3481,4.969
5.917171,2.5612,2.7032,1.6653,4.079
5.923279,3.4492,1.5636,0.5325,3.824
5.927559,3.7910,0.7741,-0.4161,3.891
5.933129,3.8951,0.2450,-0.7827,3.981
5.937595,3.9625,0.0776,-0.6383,4.014
5.942562,4.1032,-0.1318,-0.2042,4.110
5.947281,4.2383,-0.4612,0.0811,4.264
5.952691,4.2553,-0.8252,0.0102,4.335
5.957561,4.1114,-1.1651,-0.2847,4.283
5.962556,3.8399,-1.4317,-0.7606,4.168
5.967473,3.3715,-1.6005,-1.3350,3.964
5.972578,2.4383,-1.5757,-1.7874,3.409
5.978150,1.2608,-1.1938,-1.7799,2.487
5.983322,0.3041,-0.7737,-1.3321,1.570
5.987595,-0.3861,-0.5258,-0.8847,1.099
5.992800,-0.8886,-0.3915,-0.5450,1.114
5.997974,-1.1651,-0.3114,-0.2543,1.232
6.004298,-1.2396,-0.3066,-0.0211,1.277
6.011243,-1.3898,-0.2979,0.2155,1.438
6.013115,-1.7376,-0.2251,0.3371,1.784
6.018092,-2.1225,-0.1508,0.2727,2.145
6.031362,-2.5062,-0.0490,0.1509,2.511
6.032411,-2.8744,0.1081,0.1266,2.879
6.033392,-3.2126,0.3079,0.1316,3.230
6.038158,-3.4467,0.5683,0.2282,3.501
6.043896,-3.3085,0.7736,0.4613,3.429
6.048515,-2.4922,0.5747,0.6213,2.632
6.054009,-1.7526,0.2972,0.6613,1.897
6.058186,-1.3389,0.2057,0.6709,1.512
6.063435,-0.9686,0.1830,0.7282,1.226
6.068219,-0.6177,0.1499,0.8441,1.057
6.073632,-0.2385,0.1327,0.7658,0.813
6.078690,0.1737,0.0808,0.5358,0.569
6.084395,0.5781,0.0326,0.3468,0.675
6.090128,1.0680,-0.0284,0.1213,1.075
6.093838,1.4565,-0.0540,-0.0802,1.460
6.098794,1.8466,-0.1060,-0.2788,1.871
6.104263,2.1090,-0.0811,-0.4262,2.153
6.108843,2.3132,-0.1249,-0.4813,2.366
6.114019,2.4399,-0.1101,-0.4684,2.487
6.118943,2.5635,-0.1868,-0.4234,2.605
6.128082,2.6120,-0.2446,-0.3136,2.642
6.131244,2.5377,-0.2875,-0.2001,2.562
6.134076,2.3168,-0.2390,-0.1047,2.331
6.148965,1.9207,-0.2093,-0.0418,1.933
6.150038,1.5699,-0.2250,0.0553,1.587
6.150356,1.2308,-0.2482,0.1522,1.265
6.154749,0.7720,-0.2237,0.2455,0.840
6.159082,0.3374,-0.1789,0.2985,0.485
6.164633,-0.0683,-0.1260,0.2984,0.331
6.169665,-0.4424,-0.0846,0.3043,0.544
6.175202,-0.7849,0.0070,0.3441,0.857
6.179517,-1.1315,0.0979,0.3095,1.177
6.184804,-1.3960,0.1545,0.2404,1.425
6.190029,-1.6332,0.2433,0.2152,1.665
6.194534,-1.7739,0.2830,0.1067,1.799
6.199610,-1.8778,0.3496,0.0107,1.910
6.205307,-1.9043,0.4216,-0.1373,1.955
6.209607,-1.8296,0.4489,-0.2537,1.901
6.214811,-1.6467,0.4195,-0.3764,1.741
6.219806,-1.3990,0.4535,-0.5142,1.558
6.225004,-1.0793,0.4004,-0.5204,1.263
6.230352,-0.7432,0.3397,-0.5213,0.969
6.234997,-0.4360,0.2718,-0.4994,0.717
6.240121,-0.1581,0.2211,-0.4083,0.490
6.245366,0.0859,0.1444,-0.3241,0.365
6.250124,0.2456,0.0757,-0.2601,0.366
6.255316,0.3904,0.0199,-0.1705,0.426
6.260500,0.4582,-0.0184,-0.1055,0.471
6.265810,0.4706,-0.1373,-0.0315,0.491
6.270489,0.5186,-0.2555,0.0035,0.578
6.277863,0.5377,-0.3082,0.0420,0.621
6.280747,0.4680,-0.3936,0.0812,0.617
6.285925,0.4269,-0.4378,0.1207,0.623
6.299391,0.3284,-0.4764,0.1602,0.600
6.300101,0.2538,-0.5049,0.1802,0.593
6.300651,0.1602,-0.4711,0.1808,0.529
6.307026,0.1002,-0.4061,0.2002,0.464
6.310457,0.0211,-0.4107,0.1545,0.439
6.315689,-0.0673,-0.3556,0.0777,0.370
6.321258,-0.0959,-0.2744,0.0417,0.294
6.326463,-0.1291,-0.1961,0.0225,0.236
6.331020,-0.1455,-0.1348,-0.0328,0.201
6.336927,-0.1475,-0.0619,-0.0905,0.184
6.341197,-0.1637,0.0395,-0.1007,0.196
6.345816,-0.2158,0.1550,-0.1519,0.306
6.351238,-0.2319,0.2559,-0.2345,0.417
6.357364,-0.2360,0.3253,-0.2600,0.479
6.361636,-0.2616,0.4065,-0.3191,0.579
6.366528,-0.2177,0.4969,-0.4736,0.720
6.372076,-0.2217,0.5366,-0.5224,0.781
6.376167,-0.2065,0.5375,-0.5728,0.812
6.382342,-0.1721,0.5357,-0.6415,0.853
6.386436,-0.1498,0.5409,-0.6685,0.873
6.393124,-0.1180,0.4526,-0.6131,0.771
6.396289,-0.0958,0.4194,-0.4971,0.657
6.401662,-0.0975,0.3907,-0.3926,0.562
6.411199,-0.0657,0.3403,-0.3141,0.468
6.413431,-0.0267,0.2346,-0.1877,0.302
6.416526,0.0576,0.2008,-0.0876,0.227
6.422202,0.0989,0.0879,-0.0261,0.135
6.430525,0.1832,-0.0033,0.0902,0.204
6.432690,0.2146,-0.0797,0.1560,0.277
6.436785,0.2939,-0.1056,0.1545,0.348
6.441780,0.3108,-0.1767,0.1528,0.389
6.447206,0.3300,-0.2235,0.1967,0.445
6.452016,0.3133,-0.2269,0.2097,0.440
6.457679,0.2821,-0.2563,0.1892,0.426
6.462251,0.2533,-0.2638,0.1645,0.401
6.467348,0.2198,-0.2498,0.1235,0.355
6.474141,0.1814,-0.1878,0.0543,0.267
6.477285,0.1335,-0.2047,0.0408,0.248
6.482765,0.0568,-0.1544,-0.0033,0.165
6.487381,0.0066,-0.0802,-0.0589,0.100
6.492275,-0.0436,-0.0324,-0.0854,0.101
6.497626,-0.1010,-0.0255,-0.1046,0.148
6.502678,-0.1486,0.0461,-0.1285,0.202
6.508892,-0.2082,0.1392,-0.1500,0.292
6.513566,-0.1720,0.1531,-0.2050,0.308
6.517275,-0.2411,0.2052,-0.2338,0.394
6.522041,-0.2718,0.2068,-0.2577,0.428
6.527444,-0.2354,0.2442,-0.2813,0.441
6.532937,-0.2159,0.2623,-0.2880,0.445
6.537484,-0.1867,0.2299,-0.2799,0.408
6.545587,-0.1959,0.2190,-0.2500,0.386
6.548602,-0.2027,0.1842,-0.2201,0.351
6.552960,-0.1616,0.1444,-0.1828,0.283
6.566338,-0.1564,0.1070,-0.1097,0.219
6.567072,-0.1512,0.0385,-0.0368,0.160
6.568051,-0.1627,0.0107,-0.0647,0.175
6.573022,-0.1622,-0.0148,-0.0524,0.171
6.577642,-0.1354,-0.0402,-0.0333,0.145
6.583764,-0.1301,-0.0369,-0.0841,0.159
6.588688,-0.1129,-0.0575,-0.0922,0.157
6.593134,-0.1028,-0.0326,-0.1128,0.156
6.597921,-0.1047,-0.0580,-0.1453,0.188
6.603458,-0.0827,-0.0429,-0.1661,0.190
6.609826,-0.0534,0.0081,-0.1413,0.151
6.613383,-0.0889,0.0208,-0.1476,0.174
6.618442,-0.0429,-0.0048,-0.1517,0.158
6.624750,-0.0233,-0.0089,-0.1200,0.123
6.629300,-0.0013,-0.0081,-0.1138,0.114
6.634534,-0.0057,0.0045,-0.1196,0.120
6.638179,0.0328,0.0028,-0.1110,0.116
6.643219,0.0590,-0.0108,-0.1214,0.135
6.648708,0.0138,-0.0171,-0.1340,0.136
6.653910,0.0093,-0.0020,-0.1249,0.125
6.658673,0.0262,0.0202,-0.1206,0.125
6.663751,0.0335,-0.0148,-0.0925,0.099
6.669191,-0.0139,-0.0283,-0.1001,0.105
6.674684,0.0103,-0.0489,-0.0816,0.096
6.679140,-0.0202,-0.0360,-0.1036,0.111
6.684074,-0.0577,-0.0470,-0.0968,0.122
6.689299,-0.0663,-0.0247,-0.0950,0.118
6.693892,-0.0725,0.0070,-0.0813,0.109
6.699178,-0.1095,0.0123,-0.0298,0.114
6.704552,-0.0987,-0.0159,-0.0287,0.104
6.712016,-0.1093,-0.0201,-0.0397,0.118
6.714192,-0.1150,-0.0173,-0.0531,0.128
6.719265,-0.0637,-0.0240,-0.0023,0.068
6.738750,-0.0722,-0.0638,-0.0303,0.101
6.739658,-0.0070,-0.0346,-0.0272,0.045
6.739951,-0.0041,-0.0436,-0.0098,0.045
6.741776,0.0368,-0.1190,-0.0020,0.125
6.744631,0.0441,-0.0916,0.0036,0.102
6.749592,0.0631,-0.1024,0.0045,0.120
6.754624,0.0440,-0.0893,0.0461,0.110
6.759382,0.0678,-0.1261,0.0447,0.150
6.764958,0.1175,-0.0937,0.0031,0.150
6.769629,0.0931,-0.0996,0.0428,0.143
6.774684,0.1093,-0.0934,0.0826,0.166
6.779861,0.1182,-0.0990,0.0677,0.168
6.784894,0.1484,-0.0736,0.0768,0.183
6.790078,0.1569,-0.1220,0.0267,0.201
6.795175,0.1463,-0.0867,0.0724,0.185
6.799942,0.1120,-0.0680,0.0540,0.142
6.805351,0.1088,-0.0684,-0.0187,0.130
6.812205,0.1104,-0.0664,-0.0168,0.130
6.815315,0.1048,-0.0524,-0.0548,0.129
6.820112,0.0897,-0.0551,-0.0898,0.138
6.829864,0.0533,-0.0433,-0.0767,0.103
6.830708,0.0171,-0.0528,-0.0586,0.081
6.835307,0.0217,-0.0243,-0.0735,0.080
6.840512,0.0190,-0.0361,-0.0975,0.106
6.845604,0.0044,-0.0240,-0.0687,0.073
6.850813,-0.0528,-0.0144,-0.0566,0.079
6.855779,-0.0431,-0.0404,-0.0564,0.082
6.861802,-0.0643,-0.0067,-0.0659,0.092
6.865506,-0.0902,-0.0206,-0.1013,0.137
6.871109,-0.0920,-0.0297,-0.1220,0.156
6.875617,-0.1200,-0.0102,-0.1378,0.183
6.880695,-0.1312,-0.0194,-0.1463,0.197
6.885850,-0.1588,-0.0048,-0.1572,0.224
6.892155,-0.1459,0.0074,-0.1538,0.212
6.895624,-0.1568,0.0097,-0.1553,0.221
6.901776,-0.1390,-0.0283,-0.1450,0.203
6.906110,-0.1690,-0.0377,-0.1183,0.210
6.913346,-0.1867,-0.0542,-0.1205,0.229
6.916114,-0.1734,-0.0254,-0.1159,0.210
6.921230,-0.1483,-0.0374,-0.0997,0.183
6.930200,-0.1401,-0.0800,-0.0908,0.185
6.931602,-0.1343,-0.0797,-0.0705,0.171
6.936088,-0.1261,-0.0603,-0.0316,0.143
6.949742,-0.1371,-0.0837,0.0115,0.161
6.950554,-0.1312,-0.0951,0.0182,0.163
6.952620,-0.1468,-0.1064,0.0293,0.184
6.956299,-0.1433,-0.1055,0.0330,0.181
6.961505,-0.1232,-0.0975,0.0508,0.165
6.966528,-0.1364,-0.0992,0.0634,0.180
6.973645,-0.1354,-0.1293,0.1207,0.223
6.977049,-0.1152,-0.1045,0.1583,0.222
6.981772,-0.1261,-0.1037,0.1832,0.245
6.986935,-0.1274,-0.1267,0.1576,0.239
6.992522,-0.1121,-0.1352,0.1649,0.241
6.996706,-0.1158,-0.1176,0.1790,0.243
7.002058,-0.1029,-0.1214,0.1475,0.217
7.006740,-0.0639,-0.1277,0.1113,0.181
7.012531,-0.0418,-0.1340,0.0966,0.170
7.017060,-0.0627,-0.1237,0.0795,0.160
7.021981,-0.0573,-0.1276,0.0909,0.167
7.027312,-0.0305,-0.1578,0.1070,0.193
7.032624,-0.0396,-0.1283,0.0563,0.146
7.037209,-0.0082,-0.1395,0.1248,0.187
7.042137,-0.0293,-0.1602,0.1263,0.206
7.047165,0.0020,-0.1496,0.1134,0.188
7.053042,-0.0026,-0.1415,0.1647,0.217
7.057182,0.0118,-0.1239,0.1681,0.209
7.062423,0.0048,-0.1444,0.1500,0.208
7.067447,-0.0070,-0.1339,0.1889,0.232
7.073257,-0.0044,-0.1117,0.1681,0.202
7.079297,0.0172,-0.1251,0.1260,0.178
7.090637,0.0386,-0.1076,0.1008,0.152
7.091110,0.0170,-0.1305,0.1232,0.180
7.101171,-0.0067,-0.0893,0.1289,0.157
7.101842,-0.0136,-0.0984,0.1607,0.189
7.103454,0.0152,-0.0883,0.1138,0.145
7.107701,0.0247,-0.0996,0.1101,0.150
7.113252,0.0080,-0.1059,0.1017,0.147
7.117630,-0.0062,-0.1122,0.1100,0.157
7.123093,0.0154,-0.0709,0.0874,0.114
7.128011,-0.0013,-0.0822,0.0696,0.108
7.133337,-0.0154,-0.0862,0.0494,0.101
7.138046,-0.0223,-0.0640,0.0791,0.104
7.142875,-0.0505,-0.0562,0.0585,0.096
7.148086,-0.0642,-0.0603,0.0618,0.108
7.153583,-0.0517,-0.0360,0.0746,0.098
7.157879,-0.0535,-0.0260,0.0682,0.090
7.163247,-0.0696,-0.0660,0.0616,0.114
7.168449,-0.0261,-0.0249,0.1048,0.111
7.173576,-0.0305,-0.0175,0.1166,0.122
7.178742,-0.0158,-0.0221,0.0569,0.063
7.183734,0.0082,-0.0029,0.0404,0.041
7.188612,-0.0202,0.0303,0.0429,0.056
7.193549,0.0063,0.0203,0.0194,0.029
7.198990,-0.0102,0.0222,-0.0322,0.040
7.203875,0.0257,0.0170,-0.0404,0.051
7.213504,0.0352,0.0093,-0.0506,0.062
7.214023,0.0660,-0.0172,-0.0248,0.073
7.218810,0.0751,-0.0125,-0.0249,0.080
7.223684,0.0627,0.0066,0.0370,0.073
7.233156,0.0598,0.0138,0.0748,0.097
7.234299,0.0688,-0.0026,0.0626,0.093
7.238761,0.0184,0.0429,0.0768,0.090
7.243702,0.0039,0.0242,0.0742,0.078
7.248927,-0.0057,0.0364,-0.0116,0.039
7.254770,-0.0294,0.0675,-0.1133,0.135
7.261018,-0.0173,0.0961,-0.1807,0.205
7.263971,-0.0125,0.0673,-0.1666,0.180
7.268970,0.0090,0.0578,-0.1621,0.172
7.274579,0.0136,0.0862,-0.1479,0.172
7.279449,-0.0008,0.1287,-0.1219,0.177
7.284389,-0.0127,0.1114,-0.0770,0.136
7.289473,-0.0316,0.1251,-0.0062,0.129
7.294946,-0.0171,0.1292,0.0354,0.135
7.299275,-0.0051,0.0856,0.0411,0.095
7.304945,0.0163,0.0733,0.0589,0.095
7.309572,0.0328,0.1157,0.0552,0.132
7.316394,0.0253,0.1030,0.0278,0.110
7.319588,0.0085,0.0668,0.0436,0.080
7.324588,0.0393,0.0641,0.0164,0.077
7.329905,0.0175,0.0448,0.0181,0.051
7.335537,0.0672,0.0401,-0.0062,0.078
7.339850,0.0879,0.0046,-0.0348,0.095
7.347606,0.0704,-0.0256,-0.0082,0.075
7.349888,0.0578,-0.0009,0.0373,0.069
7.355327,0.0049,0.0073,0.0303,0.032
7.365736,0.0189,0.0036,-0.0242,0.031
7.366344,-0.0172,0.0309,-0.0235,0.042
7.369905,-0.0315,0.0317,-0.0086,0.046
7.376204,-0.0599,0.0587,-0.0535,0.099
7.380282,-0.0502,0.0949,-0.0363,0.113
7.385125,-0.0309,0.0572,-0.0288,0.071
7.391074,-0.0095,0.0672,-0.0355,0.077
7.395313,-0.0428,0.0747,-0.0350,0.093
7.400672,-0.0166,0.0633,-0.0488,0.082
7.405828,-0.0071,0.0472,-0.0270,0.055
7.410400,-0.0381,0.0668,-0.0360,0.085
7.415694,-0.0642,0.0815,0.0287,0.108
7.420525,-0.0781,0.0746,0.0903,0.141
7.426469,-0.0728,0.0869,0.0730,0.135
7.432360,-0.0582,0.0682,0.0817,0.121
7.436344,-0.0318,0.0569,0.0665,0.093
7.440782,-0.0578,0.0742,0.0394,0.102
7.445510,-0.0528,0.0675,0.0149,0.087
7.450515,-0.0359,0.0989,-0.0047,0.105
7.456730,-0.0382,0.1182,-0.0362,0.129
7.464939,-0.0475,0.1087,-0.0888,0.148
7.466039,-0.0307,0.1444,-0.0886,0.172
7.471543,-0.0329,0.1393,-0.1096,0.180
7.484430,-0.0541,0.1270,-0.0854,0.162
7.485110,-0.0609,0.0958,0.0313,0.118
7.486142,-0.0843,0.0338,0.1348,0.163
7.491276,-0.0932,0.0412,0.0542,0.115
7.496423,-0.0900,0.0959,0.0500,0.141
7.501098,-0.0489,0.1095,0.1500,0.192
7.506645,-0.0057,0.0732,0.2465,0.257
7.511799,0.0205,0.0492,0.3274,0.332
7.517161,0.0132,0.0470,0.2811,0.285
7.521638,-0.0321,0.0831,0.2277,0.245
7.526642,-0.0485,0.1167,0.1581,0.202
7.532633,-0.0149,0.1784,0.0176,0.180
7.537379,0.0326,0.1827,-0.0721,0.199
7.542112,0.0322,0.1491,-0.1255,0.197
7.547884,0.0722,0.1253,-0.2138,0.258
7.551996,0.0786,0.1256,-0.3079,0.342
7.557444,0.0421,0.1261,-0.2982,0.326
7.561871,0.0534,0.1575,-0.2901,0.334
7.566724,0.0503,0.1552,-0.3003,0.342
7.571987,0.0164,0.1503,-0.2979,0.334
7.576991,-0.0030,0.1716,-0.2497,0.303
7.582080,0.0064,0.1806,-0.1848,0.258
7.586894,0.0037,0.1372,-0.1010,0.170
7.592300,-0.0155,0.1273,-0.0676,0.145
7.597700,-0.0465,0.1199,-0.0176,0.130
7.602324,-0.0676,0.0886,0.0081,0.112
7.607237,-0.0862,0.0813,0.0738,0.140
7.616741,-0.1213,0.0812,0.1314,0.196
7.618461,-0.1038,0.0621,0.1977,0.232
7.622846,-0.1054,0.0194,0.1941,0.222
7.627193,-0.1070,0.0198,0.1592,0.193
7.632634,-0.0991,0.0037,0.1241,0.159
7.638197,-0.1007,0.0328,0.1151,0.156
7.644254,-0.0619,0.0259,0.1060,0.125
7.647646,-0.0093,0.0405,0.0944,0.103
7.654151,-0.0259,0.0265,0.0615,0.072
7.661283,0.0099,0.0767,0.0408,0.087
7.662487,0.0050,0.0647,0.0203,0.068
7.667837,0.0049,0.0765,0.0072,0.077
7.673168,0.0476,0.0859,0.0348,0.104
7.678037,0.0020,0.0974,0.0434,0.107
7.684530,-0.0029,0.0851,-0.0191,0.087
7.687897,0.0256,0.0991,-0.0571,0.117
7.693767,0.0301,0.1272,-0.0734,0.150
7.698623,-0.0059,0.1193,-0.0584,0.133
7.703168,-0.0344,0.0997,-0.0032,0.106
7.708505,-0.0104,0.0778,0.0325,0.085
7.712868,-0.0674,0.0633,0.0439,0.102
7.718365,-0.0575,0.0373,0.0313,0.075
7.723222,-0.0334,0.0188,0.0094,0.039
7.732338,-0.0380,0.0029,0.0349,0.052
7.733737,-0.0735,0.0278,0.0505,0.093
7.738624,-0.0683,0.0118,0.0373,0.079
7.752242,-0.0750,0.0197,0.0333,0.084
7.752904,-0.0959,0.0299,0.0434,0.109
7.753523,-0.0737,0.0398,-0.0038,0.084
7.758688,-0.0779,0.0471,-0.0650,0.112
7.763600,-0.0725,0.0305,-0.0449,0.091
7.768622,-0.0244,0.0375,-0.0510,0.068
7.774265,-0.0242,0.0443,-0.0427,0.066
7.779549,0.0094,0.0604,-0.0486,0.078
7.784304,-0.0168,0.0597,-0.0021,0.062
7.788801,0.0072,0.0327,0.0110,0.035
7.794147,-0.0046,0.0415,0.0336,0.054
7.798927,-0.0140,0.0787,0.0585,0.099
7.804204,-0.0018,0.0538,0.0928,0.107
7.809517,0.0315,0.0031,0.0722,0.079
7.814035,0.0218,0.0052,0.0802,0.083
7.820033,-0.0021,0.0097,0.0621,0.063
7.824364,0.0146,0.0165,-0.0178,0.028
7.829104,0.0098,-0.0170,-0.0067,0.021
7.834320,0.0216,0.0188,-0.0572,0.064
7.839351,0.0333,0.0091,-0.0264,0.043
7.844470,-0.0215,-0.0149,-0.0671,0.072
7.849236,-0.0142,0.0041,-0.0645,0.066
7.854518,-0.0021,0.0061,-0.0667,0.067
7.865374,0.0241,0.0104,-0.0094,0.028
7.865828,0.0311,0.0003,0.0665,0.073
7.869586,0.0453,-0.0289,0.0967,0.111
7.874494,0.0901,-0.0291,0.0814,0.125
7.886474,0.0585,0.0088,0.1091,0.124
7.887283,0.0557,-0.0248,0.1131,0.128
7.889511,0.0553,-0.0297,0.1004,0.118
7.894858,0.0407,-0.0013,0.0714,0.082
7.899821,0.0118,-0.0180,0.0972,0.100
7.904456,0.0260,-0.0345,0.0255,0.050
7.911419,-0.0075,-0.0129,-0.0241,0.028
7.914835,0.0353,-0.0342,-0.0614,0.079
7.920560,0.0326,-0.0291,-0.0411,0.060
7.925118,0.0204,-0.0192,-0.0090,0.029
7.929959,-0.0035,-0.0023,-0.0531,0.053
7.935315,0.0178,-0.0069,0.0148,0.024
7.941138,0.0105,-0.0043,0.0417,0.043
7.945120,0.0080,0.0029,0.0042,0.009
7.950236,0.0008,-0.0042,-0.0427,0.043
7.955504,0.0055,0.0220,-0.0201,0.030
7.961487,0.0244,-0.0280,-0.0285,0.047
7.965297,0.0289,-0.0655,-0.0936,0.118
7.970344,0.0262,-0.0695,-0.0176,0.076
7.975455,0.0639,-0.0543,0.0651,0.106
7.982169,0.0822,-0.0677,0.1093,0.153
7.985812,0.0410,-0.0594,0.1225,0.142
7.991713,0.0072,-0.0202,0.1378,0.139
8.003747,-0.0501,0.0020,0.1434,0.152
8.004317,-0.0284,0.0383,0.0988,0.110
8.005696,-0.0521,0.0506,0.0921,0.117
8.011406,-0.1017,0.0152,-0.0314,0.108
8.015634,-0.0654,0.0014,-0.0946,0.115
8.020757,-0.0673,0.0328,-0.1361,0.155
8.025613,-0.0384,0.0045,-0.1130,0.119
8.030507,-0.0167,-0.0118,-0.0997,0.102
8.036351,-0.0380,-0.0115,-0.1080,0.115
8.041979,-0.0544,-0.0302,-0.0924,0.111
8.046118,-0.0540,-0.0227,-0.0507,0.077
8.051460,-0.0441,-0.0295,-0.0045,0.053
8.056462,-0.0295,-0.0364,0.0008,0.047
8.061645,-0.0031,-0.0576,0.0228,0.062
8.067033,0.0421,-0.0598,0.0351,0.081
8.071592,0.0513,-0.0760,0.0804,0.122
8.076093,0.0461,-0.0992,0.1111,0.156
8.082046,0.0529,-0.0843,0.0560,0.114
8.086737,0.0690,-0.0765,0.0252,0.106
8.091987,0.0566,-0.0901,0.0045,0.107
8.098437,0.0323,-0.0823,-0.0230,0.091
8.102108,0.0415,-0.0935,-0.0382,0.109
8.106562,0.0008,-0.0786,-0.0223,0.082
8.117409,-0.0159,-0.0495,-0.0184,0.055
8.119564,0.0032,-0.0538,0.0070,0.054
8.122417,-0.0182,-0.0748,0.0580,0.096
8.126699,-0.0514,-0.0529,0.0538,0.091
8.131847,-0.0604,-0.0549,0.0162,0.083
8.137539,-0.0528,-0.0404,0.0525,0.085
8.143556,-0.0334,-0.0353,-0.0089,0.049
8.146902,-0.0236,-0.0161,-0.0152,0.032
8.152518,-0.0020,-0.0091,-0.0497,0.051
8.157643,-0.0186,0.0098,-0.0174,0.027
8.162662,-0.0232,0.0141,-0.0161,0.032
8.167016,-0.0182,-0.0125,0.0091,0.024
8.172720,-0.0109,-0.0175,0.0483,0.053
8.178564,-0.0108,0.0013,0.0754,0.076
8.182673,0.0155,-0.0346,0.0428,0.057
8.187935,-0.0060,-0.0370,0.0199,0.042
8.192515,0.0344,-0.0346,0.0043,0.049
8.197455,0.0199,-0.0274,-0.0136,0.036
8.203096,0.0102,-0.0606,-0.0290,0.068
8.207808,0.0125,-0.0388,-0.0109,0.042
8.212803,0.0076,-0.0102,-0.0264,0.029
8.217796,-0.0067,-0.0246,-0.0297,0.039
8.223235,-0.0137,-0.0318,-0.0284,0.045
8.233080,-0.0064,-0.0413,-0.0058,0.042
8.233560,-0.0111,-0.0627,0.0141,0.065
8.238268,0.0009,-0.0507,0.0242,0.056
8.243495,0.0033,-0.0529,0.0198,0.057
8.261006,0.0057,-0.0503,0.0368,0.063
8.261663,-0.0086,-0.0666,-0.0034,0.067
8.261915,0.0247,-0.0520,-0.0052,0.058
8.263547,0.0103,-0.0660,-0.0378,0.077
8.268186,0.0197,-0.0512,-0.0464,0.072
8.273075,0.0052,-0.0816,-0.0287,0.087
8.278649,-0.0210,-0.0832,-0.0418,0.095
8.284579,-0.0351,-0.0586,-0.0215,0.072
8.288405,-0.0230,-0.0769,-0.0703,0.107
8.293274,-0.0324,-0.0426,-0.0476,0.072
8.298525,-0.0204,-0.0727,-0.0751,0.106
8.304233,-0.0560,-0.0501,-0.0716,0.104
8.308246,-0.0699,-0.0729,-0.1280,0.163
8.313874,-0.0504,-0.0337,-0.0915,0.110
8.318700,-0.0620,-0.0375,-0.0863,0.113
8.324395,-0.0235,-0.0461,-0.0837,0.098
8.328671,-0.0424,-0.0332,-0.0812,0.097
8.333783,-0.0232,-0.0228,-0.0077,0.033
8.338990,-0.0397,-0.0267,0.0200,0.052
8.345884,-0.0205,-0.0400,0.0137,0.047
8.349177,0.0176,-0.0223,0.0549,0.062
8.353595,-0.0111,-0.0024,0.0455,0.047
8.358422,-0.0277,-0.0181,0.0216,0.040
8.367271,-0.0015,-0.0218,-0.0167,0.027
8.368797,-0.0063,-0.0016,-0.0571,0.058
8.374045,-0.0206,0.0208,-0.0831,0.088
8.385053,-0.0135,0.0549,-0.1089,0.123
8.385698,0.0150,0.0721,-0.0821,0.110
8.389454,-0.0018,0.0536,-0.0864,0.102
8.394009,-0.0114,0.0801,-0.0906,0.122
8.399197,-0.0090,0.1158,-0.1066,0.158
8.405037,-0.0304,0.1250,-0.0938,0.159
8.409419,-0.0111,0.1245,-0.0787,0.148
8.414660,-0.0111,0.1452,-0.1086,0.182
8.419414,-0.0276,0.1205,-0.1120,0.167
8.424791,-0.0582,0.1246,-0.1033,0.172
8.429359,-0.0340,0.1474,-0.0968,0.180
8.434501,-0.0360,0.0892,-0.0310,0.101
8.441426,-0.0452,0.1192,0.0296,0.131
8.445408,-0.0304,0.1013,0.0611,0.122
8.449644,-0.0158,0.0883,0.1229,0.152
8.455087,-0.0204,0.0660,0.1626,0.177
8.460338,0.0037,0.0415,0.1565,0.162
8.465002,0.0180,0.0436,0.1504,0.158
8.469777,0.0464,0.0173,0.1227,0.132
8.475003,0.0484,0.0150,0.0738,0.089
8.483168,0.0741,0.0319,0.0751,0.110
8.485160,0.1281,0.0250,-0.0136,0.131
8.490423,0.1531,0.0279,-0.3314,0.366
8.503411,0.1683,0.0664,-0.6854,0.709
8.504082,0.1548,0.0831,-1.0243,1.039
8.505472,0.1201,0.0994,-1.3761,1.385
8.510392,0.1307,0.0958,-1.4935,1.502
8.515066,0.0772,0.0701,-1.1074,1.112
8.519963,0.0218,0.0723,-0.3118,0.321
8.525274,-0.0188,0.0003,0.4670,0.467
8.529938,-0.0519,-0.0709,0.8742,0.879
8.535137,-0.0919,-0.1364,0.9644,0.978
8.540111,-0.1481,-0.1532,1.0205,1.043
8.545953,-0.2253,-0.1289,1.0544,1.086
8.549991,-0.1855,-0.1232,0.9641,0.990
8.555420,-0.1531,-0.1314,0.9597,0.981
8.560463,-0.1637,-0.1057,0.9196,0.940
8.565496,-0.1148,-0.0778,0.8585,0.870
8.570800,-0.0972,-0.0640,0.6937,0.703
8.575419,-0.0987,-0.0526,0.4602,0.474
8.580342,-0.0337,-0.0532,0.0524,0.082
8.585891,-0.0097,-0.0277,-0.3871,0.388
8.590547,0.0332,0.0046,-0.7338,0.735
8.596105,0.1849,-0.0516,-0.9307,0.950
8.600684,0.2309,-0.0268,-0.9120,0.941
8.605865,0.1576,0.0925,-0.8389,0.859
8.610996,0.1920,0.1081,-0.5908,0.631
8.615749,0.2237,0.0686,-0.3764,0.443
8.621050,0.1814,0.0580,-0.2578,0.320
8.626229,0.1585,0.0595,-0.0470,0.176
8.633427,0.1214,0.0470,0.1550,0.202
8.636317,0.0632,-0.0031,0.3145,0.321
8.641626,-0.1608,0.0853,0.2367,0.299
8.650526,-0.4447,0.1798,-0.0546,0.483
